policy,episode,slot,task_id,assigned_uav,sensing_decision,service_level,bandwidth_share,power_w,cpu_share,expected_accuracy,delay,energy,quality_ok,deadline_ok,resource_ok,airspace_conflict,success,reward,semantic_utility,min_quality_level,min_delay_level,feasible_service_levels,feasibility_class,question_type,question,risk_level,priority,tau_k,epsilon_k,gpu_share,channel_gain_db,snr_db,rate_mbps,travel_delay,sensing_delay,upload_delay,queue_delay,model_load_delay,inference_delay,travel_energy,tx_energy,sensing_energy,compute_energy,battery_cost,effective_channel_bin,channel_prior_bin,channel_impairment_db,task_completed,attempt_index,distance_3d_m,elevation_deg,los_probability,path_loss_db,interference_dbm,sinr_db,fading_db,cache_hit_probability,semantic_cache_hit,accuracy_gain,payload_mb,payload_bytes,lut_missing,semantic_efficiency,utility_per_latency,gpu_memory_required_mb,gpu_memory_ok,edge_batch_size,battery_ok,battery_remaining,uav_utilization,conflict_resolution
cache_first,0,0,ep0_cache_feasible_0,1,reuse_cache,0,0.125,1.2,0.125,0.667256,0.805738,0.01,True,True,True,False,True,3.796566,0.667256,0,0,0;1;2;3,feasible,presence,Are there car objects in this area?,normal,1.0,3.0,0.58,0.125,-97.814468,38.216432,18.972049,0.0,0.0,0.0,0.375738,0.4,0.03,0.0,0.0,0.0,0.01,0.0077,good,good,0.0,True,1,181.383571,26.171168,0.595556,97.814468,-120.0,38.073695,0.514682,0.96,True,0.0,0.01,10000.0,False,0.0,0.828131,256.0,True,1,True,99.9923,0.5,none
cache_first,0,0,ep0_light_feasible_1,1,observe,1,0.125,1.2,0.125,0.515592,2.504024,0.550678,False,True,True,False,False,-2.717608,0.0,1,0,1;2;3,feasible,counting,How many car objects are in this area?,normal,1.0,3.5,0.55,0.125,-104.629257,31.401643,7.325577,0.801715,0.35,0.196572,0.375738,0.06,0.72,0.043293,0.235886,0.2,0.0715,0.041014,medium,good,0.0,False,1,299.499583,15.492499,0.210552,104.629257,-88.479884,14.551799,1.956496,0.68,False,0.081467,0.18,180000.0,False,0.452593,0.0,1536.0,True,1,True,99.958986,0.5,none
cache_first,0,0,ep0_image_required_2,0,observe,2,0.125,2.0,0.125,0.690984,5.844187,4.166438,False,False,True,False,False,-5.666013,0.0,2,0,2,feasible,risk,Is this area crowded or blocked?,critical,2.0,3.2,0.74,0.125,-106.523875,31.725512,7.493288,0.686061,0.9,1.708195,0.375738,0.4,1.774194,0.037047,3.416391,0.55,0.163,0.113329,medium,good,0.0,False,1,259.6151,17.947685,0.283173,106.523875,-88.504436,14.899711,-1.957176,0.28,False,0.432871,1.6,1600000.0,False,0.270545,0.0,4096.0,True,4,True,99.886671,0.5,none
cache_first,0,0,ep0_infeasible_bad_channel_3,0,observe,3,0.125,2.0,0.125,0.285287,3.858036,1.24762,False,False,True,False,False,-4.679152,0.0,-1,-1,,quality_limited,risk,Is this area crowded or blocked?,critical,2.0,0.8,0.9,0.125,-98.443599,39.805789,12.633089,0.509932,0.65,0.348292,0.375738,0.4,1.574074,0.027536,0.696583,0.4,0.1235,0.054952,bad,bad,0.0,False,1,200.249844,23.546983,0.491779,98.443599,-90.93171,25.340245,1.764978,0.28,False,0.061773,0.55,550000.0,False,0.112315,0.0,3072.0,True,2,True,99.945048,0.5,none
cache_first,0,0,ep0_critical_preempt_4,1,observe,2,0.125,2.0,0.125,0.690984,6.307352,4.586776,False,False,True,False,False,-5.844854,0.0,2,0,,deadline_limited,risk,Is this area crowded or blocked?,critical,3.0,2.8,0.72,0.125,-108.085039,30.164349,6.696859,0.946077,0.9,1.911344,0.375738,0.4,1.774194,0.051088,3.822688,0.55,0.163,0.121736,medium,good,0.0,False,1,349.857114,13.218475,0.156375,108.085039,-88.402193,13.238404,0.473178,0.28,False,0.432871,1.6,1600000.0,False,0.270545,0.0,4096.0,True,4,True,99.878264,0.5,none
cache_first,0,0,ep0_normal_competing_5,0,observe,2,0.125,1.2,0.125,0.619536,5.56457,2.470163,True,False,True,False,False,-3.341667,0.619536,2,0,2;3,feasible,counting,How many car objects are in this area?,normal,1.0,3.5,0.52,0.125,-101.650499,34.380401,8.928208,0.680981,0.9,1.433658,0.375738,0.4,1.774194,0.036773,1.72039,0.55,0.163,0.079403,medium,medium,0.0,False,1,257.875939,18.072893,0.287257,101.650499,-88.803258,17.847003,2.815222,0.68,False,0.185411,1.6,1600000.0,False,0.115882,0.111336,4096.0,True,4,True,99.920597,0.5,none
cache_first,0,0,ep0_attribute_damage_6,1,observe,2,0.125,1.2,0.125,0.697578,6.199866,3.18281,True,False,True,False,False,-3.607388,0.837094,2,0,2;3,feasible,attribute,What is the visible condition of the car objects in this area?,normal,1.2,4.0,0.62,0.125,-106.627345,29.403555,6.319181,0.724356,0.9,2.025579,0.375738,0.4,1.774194,0.039115,2.430695,0.55,0.163,0.093656,medium,medium,0.0,False,1,272.763634,17.05528,0.255107,106.627345,-88.364817,12.44099,-1.336002,0.68,False,0.287331,1.6,1600000.0,False,0.179582,0.135018,4096.0,True,4,True,99.906344,0.5,none
cache_first,0,0,ep0_relation_person_vehicle_7,0,observe,3,0.125,1.2,0.125,0.525667,4.166961,1.125703,False,True,True,False,False,-3.238096,0.0,-1,0,,quality_limited,relation,Are people close to vehicles in this area?,normal,1.3,4.2,0.6,0.125,-100.911697,35.119203,9.352025,0.696663,0.65,0.470486,0.375738,0.4,1.574074,0.03762,0.564584,0.4,0.1235,0.052514,medium,medium,0.0,False,1,263.248932,17.691689,0.274934,100.911697,-88.930531,18.710209,3.861966,0.28,False,0.27836,0.55,550000.0,False,0.506109,0.0,3072.0,True,2,True,99.947486,0.5,none
cache_first,0,1,ep0_light_feasible_1,1,reuse_cache,0,0.142857,1.2,0.142857,0.569817,0.906656,0.01,True,True,True,False,True,3.771336,0.569817,0,0,0;1;2;3,feasible,counting,How many car objects are in this area?,normal,1.0,3.5,0.55,0.142857,-103.355089,32.095891,18.208057,0.0,0.0,0.0,0.476656,0.4,0.03,0.0,0.0,0.0,0.01,0.0077,good,good,0.0,True,2,289.753068,16.027409,0.22513,103.355089,-120.0,31.970742,2.78336,0.96,True,0.0,0.01,10000.0,False,0.0,0.628483,256.0,True,1,True,99.728194,0.428571,none
cache_first,0,1,ep0_image_required_2,0,observe,3,0.142857,2.0,0.142857,0.720075,3.8837,1.577141,False,False,True,False,False,-4.734996,0.0,-1,0,2,feasible,risk,Is this area crowded or blocked?,critical,2.0,3.2,0.74,0.142857,-105.244129,32.425339,8.638953,0.648126,0.65,0.509321,0.476656,0.4,1.199597,0.034999,1.018642,0.4,0.1235,0.061543,good,good,0.0,False,2,246.659142,18.925244,0.315968,105.244129,-87.349744,15.035961,-1.461699,0.96,False,0.189124,0.55,550000.0,False,0.343862,0.0,3072.0,True,4,True,99.638259,0.571429,none
cache_first,0,1,ep0_infeasible_bad_channel_3,0,observe,3,0.142857,2.0,0.142857,0.288786,3.460447,1.096862,False,False,True,False,False,-4.557141,0.0,-1,-1,,quality_limited,risk,Is this area crowded or blocked?,critical,2.0,0.8,0.9,0.142857,-96.319088,41.35038,16.043012,0.459932,0.65,0.274263,0.476656,0.4,1.199597,0.024836,0.548525,0.4,0.1235,0.051937,bad,bad,0.0,False,2,183.88931,25.788114,0.580711,96.319088,-91.687574,28.165042,2.274753,0.96,False,0.0,0.55,550000.0,False,0.0,0.0,3072.0,True,4,True,99.647865,0.571429,none
cache_first,0,1,ep0_critical_preempt_4,1,observe,3,0.142857,2.0,0.142857,0.645658,4.243799,1.814827,False,False,True,False,False,-4.860674,0.0,-1,0,,quality_limited,risk,Is this area crowded or blocked?,critical,3.0,2.8,0.72,0.142857,-107.924479,29.744989,7.079995,0.896077,0.65,0.621469,0.476656,0.4,1.199597,0.048388,1.242939,0.4,0.1235,0.066297,medium,good,0.0,False,2,332.359507,13.928048,0.171943,107.924479,-87.168004,12.177119,0.003409,0.96,False,0.111962,0.55,550000.0,False,0.203566,0.0,3072.0,True,4,True,99.669597,0.428571,none
cache_first,0,1,ep0_normal_competing_5,0,reuse_cache,0,0.142857,1.2,0.142857,0.575649,0.906656,0.01,True,True,True,False,True,3.771336,0.575649,0,0,0;1;2;3,feasible,counting,How many car objects are in this area?,normal,1.0,3.5,0.52,0.142857,-102.907931,32.54305,18.462548,0.0,0.0,0.0,0.476656,0.4,0.03,0.0,0.0,0.0,0.01,0.0077,medium,medium,0.0,True,2,271.057083,17.16598,0.258487,102.907931,-120.0,32.4179,2.293023,0.96,True,0.0,0.01,10000.0,False,0.0,0.634915,256.0,True,1,True,99.692102,0.571429,none
cache_first,0,1,ep0_attribute_damage_6,1,observe,2,0.142857,1.2,0.142857,0.703379,6.171324,2.885697,True,False,True,False,False,-3.555686,0.844055,2,0,2;3,feasible,attribute,What is the visible condition of the car objects in this area?,normal,1.2,4.0,0.62,0.142857,-105.505627,29.945353,7.192933,0.690144,0.9,1.779524,0.476656,0.4,1.925,0.037268,2.135429,0.55,0.163,0.087714,medium,medium,0.0,False,2,261.014066,17.848243,0.279955,105.505627,-87.17786,12.387167,-0.858615,0.96,False,0.152958,1.6,1600000.0,False,0.095599,0.13677,4096.0,True,1,True,99.64818,0.428571,none
cache_first,0,1,ep0_relation_person_vehicle_7,0,observe,3,0.142857,1.2,0.142857,0.499066,3.803574,1.069546,False,True,True,False,False,-3.138825,0.0,-1,0,,quality_limited,relation,Are people close to vehicles in this area?,normal,1.3,4.2,0.6,0.142857,-100.333189,35.117792,10.335527,0.651606,0.65,0.425716,0.476656,0.4,1.199597,0.035187,0.510859,0.4,0.1235,0.051391,medium,medium,0.0,False,2,247.844371,18.831325,0.312729,100.333189,-87.710436,18.082251,3.52419,0.96,False,0.0,0.55,550000.0,False,0.0,0.0,3072.0,True,4,True,99.648411,0.571429,none
cache_first,0,2,ep0_image_required_2,0,observe,2,0.2,2.0,0.2,0.688734,5.000676,3.312922,False,False,True,False,False,-5.327107,0.0,2,0,2,feasible,risk,Is this area crowded or blocked?,critical,2.0,3.2,0.74,0.2,-105.12628,31.081907,9.973205,0.611928,0.9,1.283439,0.532161,0.4,1.273148,0.033044,2.566878,0.55,0.163,0.096258,medium,good,0.0,False,3,234.370357,19.958541,0.352735,105.12628,-84.431805,12.258504,-2.163039,0.96,False,0.155038,1.6,1600000.0,False,0.096898,0.0,4096.0,True,2,True,99.430973,0.6,none
cache_first,0,2,ep0_infeasible_bad_channel_3,0,observe,3,0.2,2.0,0.2,0.288786,3.108665,0.946885,False,False,True,False,False,-4.446699,0.0,-1,-1,,quality_limited,risk,Is this area crowded or blocked?,critical,2.0,0.8,0.9,0.2,-94.719713,41.488475,21.931545,0.409932,0.65,0.200624,0.532161,0.4,0.915948,0.022136,0.401249,0.4,0.1235,0.048938,bad,bad,0.0,False,3,167.864698,28.461902,0.679941,94.719713,-89.387197,27.500839,2.109925,0.96,False,0.0,0.55,550000.0,False,0.0,0.0,3072.0,True,3,True,99.478293,0.6,none
cache_first,0,2,ep0_critical_preempt_4,1,observe,3,0.2,2.0,0.2,0.645658,3.843869,1.568555,False,False,True,False,False,-4.723751,0.0,-1,0,,quality_limited,risk,Is this area crowded or blocked?,critical,3.0,2.8,0.72,0.2,-106.61179,29.596397,8.805578,0.846077,0.65,0.499683,0.532161,0.4,0.915948,0.045688,0.999366,0.4,0.1235,0.061371,medium,good,0.0,False,3,314.918535,14.71635,0.190651,106.61179,-84.346867,10.689159,0.632715,0.96,False,0.111962,0.55,550000.0,False,0.203566,0.0,3072.0,True,3,True,99.512812,0.4,none
cache_first,0,2,ep0_attribute_damage_6,1,observe,2,0.2,1.2,0.2,0.703379,5.326459,2.624363,True,False,True,False,False,-3.305269,0.844055,2,0,2;3,feasible,attribute,What is the visible condition of the car objects in this area?,normal,1.2,4.0,0.62,0.2,-105.205793,28.783907,8.188361,0.657956,0.9,1.563194,0.532161,0.4,1.273148,0.03553,1.875833,0.55,0.163,0.082487,medium,medium,0.0,False,3,250.00937,18.6622,0.306943,105.205793,-84.311818,9.842069,-1.213238,0.96,False,0.152958,1.6,1600000.0,False,0.095599,0.158465,4096.0,True,2,True,99.491696,0.4,none
cache_first,0,2,ep0_relation_person_vehicle_7,0,observe,3,0.2,1.2,0.2,0.499066,3.43889,0.956446,False,True,True,False,False,-3.030689,0.0,-1,0,,quality_limited,relation,Are people close to vehicles in this area?,normal,1.3,4.2,0.6,0.2,-99.13714,34.85256,13.195033,0.607322,0.65,0.333459,0.532161,0.4,0.915948,0.032795,0.400151,0.4,0.1235,0.049129,medium,medium,0.0,False,3,232.812509,20.097831,0.35784,99.13714,-84.861807,16.453237,3.716438,0.96,False,0.0,0.55,550000.0,False,0.0,0.0,3072.0,True,3,True,99.478102,0.6,none
cache_first,0,3,ep0_image_required_2,0,observe,3,0.2,2.0,0.2,0.645658,3.497004,1.454038,False,False,True,False,False,-4.619857,0.0,-1,0,2,feasible,risk,Is this area crowded or blocked?,critical,2.0,3.2,0.74,0.2,-103.888525,32.319662,9.784983,0.577792,0.65,0.449669,0.562688,0.4,0.856855,0.031201,0.899337,0.4,0.1235,0.059081,medium,good,0.0,False,4,222.859141,21.037024,0.393057,103.888525,-82.926807,12.007971,-1.769368,0.96,False,0.111962,0.55,550000.0,False,0.203566,0.0,3072.0,True,4,True,99.273825,0.6,none
cache_first,0,3,ep0_infeasible_bad_channel_3,0,observe,3,0.2,2.0,0.2,0.288786,3.023365,0.930716,False,False,True,False,False,-4.422949,0.0,-1,-1,,quality_limited,risk,Is this area crowded or blocked?,critical,2.0,0.8,0.9,0.2,-92.974128,43.23406,22.693295,0.359932,0.65,0.19389,0.562688,0.4,0.856855,0.019436,0.38778,0.4,0.1235,0.048614,bad,bad,0.0,False,4,152.282092,31.69119,0.780775,92.974128,-88.568708,28.457821,2.017175,0.96,False,0.0,0.55,550000.0,False,0.0,0.0,3072.0,True,4,True,99.284292,0.6,none
cache_first,0,3,ep0_critical_preempt_4,1,observe,3,0.2,2.0,0.2,0.645658,3.83336,1.701968,False,False,True,False,False,-4.741135,0.0,-1,0,,quality_limited,risk,Is this area crowded or blocked?,critical,3.0,2.8,0.72,0.2,-106.541155,29.667032,7.750028,0.796077,0.65,0.56774,0.562688,0.4,0.856855,0.042988,1.13548,0.4,0.1235,0.064039,medium,good,0.0,False,4,297.544157,15.596897,0.213341,106.541155,-82.801376,9.23106,-0.043097,0.96,False,0.111962,0.55,550000.0,False,0.203566,0.0,3072.0,True,4,True,99.366286,0.4,none
cache_first,0,3,ep0_attribute_damage_6,1,observe,2,0.2,1.2,0.2,0.703379,5.499805,2.707733,True,False,True,False,False,-3.361111,0.844055,2,0,2;3,feasible,attribute,What is the visible condition of the car objects in this area?,normal,1.2,4.0,0.62,0.2,-104.209519,29.780182,7.833474,0.628104,0.9,1.634013,0.562688,0.4,1.375,0.033918,1.960816,0.55,0.163,0.084155,medium,medium,0.0,False,4,239.852095,19.483713,0.33559,104.209519,-82.805254,9.348052,-0.871069,0.96,False,0.152958,1.6,1600000.0,False,0.095599,0.15347,4096.0,True,1,True,99.34617,0.4,none
cache_first,0,3,ep0_relation_person_vehicle_7,0,observe,3,0.2,1.2,0.2,0.499066,3.383235,0.973592,False,True,True,False,False,-3.019348,0.0,-1,0,,quality_limited,relation,Are people close to vehicles in this area?,normal,1.3,4.2,0.6,0.2,-98.342242,35.647458,12.582325,0.563995,0.65,0.349697,0.562688,0.4,0.856855,0.030456,0.419636,0.4,0.1235,0.049472,medium,medium,0.0,False,4,218.230374,21.505164,0.411062,98.342242,-83.259916,15.665655,3.414337,0.96,False,0.0,0.55,550000.0,False,0.0,0.0,3072.0,True,4,True,99.283434,0.6,none
cache_first,0,4,ep0_image_required_2,0,observe,3,0.2,2.0,0.2,0.645658,3.516647,1.521403,False,False,True,False,False,-4.634872,0.0,-1,0,2,feasible,risk,Is this area crowded or blocked?,critical,2.0,3.2,0.74,0.2,-103.168648,33.039539,9.087027,0.546107,0.65,0.484207,0.579479,0.4,0.856855,0.02949,0.968414,0.4,0.1235,0.060428,medium,good,0.0,False,5,212.252041,22.142436,0.43595,103.168648,-81.25705,11.071012,-1.901459,0.96,False,0.111962,0.55,550000.0,False,0.203566,0.0,3072.0,True,4,True,99.115311,0.6,none
cache_first,0,4,ep0_infeasible_bad_channel_3,0,observe,3,0.2,2.0,0.2,0.288786,2.984151,0.916006,False,False,True,False,False,-4.410939,0.0,-1,-1,,quality_limited,risk,Is this area crowded or blocked?,critical,2.0,0.8,0.9,0.2,-91.146376,45.061812,23.418571,0.309932,0.65,0.187885,0.579479,0.4,0.856855,0.016736,0.37577,0.4,0.1235,0.04832,bad,bad,0.0,False,5,137.292075,35.640624,0.870129,91.146376,-87.623458,29.368698,2.050668,0.96,False,0.0,0.55,550000.0,False,0.0,0.0,3072.0,True,4,True,99.127419,0.6,none
cache_first,0,4,ep0_critical_preempt_4,1,observe,3,0.2,2.0,0.2,0.645658,3.843644,1.786255,False,False,True,False,False,-4.756349,0.0,-1,0,,quality_limited,risk,Is this area crowded or blocked?,critical,3.0,2.8,0.72,0.2,-105.693824,30.514363,7.198556,0.746077,0.65,0.611234,0.579479,0.4,0.856855,0.040288,1.222467,0.4,0.1235,0.065725,medium,good,0.0,False,5,280.24876,16.586387,0.241114,105.693824,-81.159512,8.448911,-0.017888,0.96,False,0.111962,0.55,550000.0,False,0.203566,0.0,3072.0,True,4,True,99.216406,0.4,none
cache_first,0,4,ep0_attribute_damage_6,1,observe,2,0.2,1.2,0.2,0.703379,5.746913,3.015251,True,False,True,False,False,-3.469016,0.844055,2,0,2;3,feasible,attribute,What is the visible condition of the car objects in this area?,normal,1.2,4.0,0.62,0.2,-104.08379,29.90591,6.767115,0.600934,0.9,1.8915,0.579479,0.4,1.375,0.03245,2.2698,0.55,0.163,0.090305,medium,medium,0.0,False,5,230.654222,20.294128,0.365089,104.08379,-81.143552,7.824597,-1.38444,0.96,False,0.152958,1.6,1600000.0,False,0.095599,0.146871,4096.0,True,1,True,99.191826,0.4,none
cache_first,0,4,ep0_relation_person_vehicle_7,0,observe,3,0.2,1.2,0.2,0.499066,3.366743,0.981937,False,True,True,False,False,-3.016476,0.0,-1,0,,quality_limited,relation,Are people close to vehicles in this area?,normal,1.3,4.2,0.6,0.2,-97.087181,36.902519,12.271763,0.521863,0.65,0.358547,0.579479,0.4,0.856855,0.028181,0.430256,0.4,0.1235,0.049639,medium,medium,0.0,False,5,204.19434,23.065528,0.472548,97.087181,-81.590309,15.26505,3.480851,0.96,False,0.0,0.55,550000.0,False,0.0,0.0,3072.0,True,4,True,99.1261,0.6,none
cache_first,0,5,ep0_image_required_2,0,observe,3,0.2,2.0,0.2,0.645658,3.51411,1.553877,False,False,True,False,False,-4.639109,0.0,-1,0,2,feasible,risk,Is this area crowded or blocked?,critical,2.0,3.2,0.74,0.2,-101.877802,34.330386,8.778562,0.517321,0.65,0.501221,0.588713,0.4,0.856855,0.027935,1.002442,0.4,0.1235,0.061078,medium,good,0.0,False,6,202.691048,23.246602,0.479774,101.877802,-79.538532,10.65237,-1.445408,0.96,False,0.111962,0.55,550000.0,False,0.203566,0.0,3072.0,True,4,True,98.956274,0.6,none
cache_first,0,5,ep0_infeasible_bad_channel_3,0,observe,3,0.2,2.0,0.2,0.288786,2.939452,0.90544,False,False,True,False,False,-4.398179,0.0,-1,-1,,quality_limited,risk,Is this area crowded or blocked?,critical,2.0,0.8,0.9,0.2,-89.323064,46.885124,23.919292,0.259932,0.65,0.183952,0.588713,0.4,0.856855,0.014036,0.367904,0.4,0.1235,0.048109,bad,bad,0.0,False,6,123.111301,40.527918,0.93608,89.323064,-86.400035,29.997425,2.238774,0.96,False,0.0,0.55,550000.0,False,0.0,0.0,3072.0,True,4,True,98.969243,0.6,none
cache_first,0,5,ep0_critical_preempt_4,1,observe,3,0.2,2.0,0.2,0.645658,3.811576,1.80095,False,False,True,False,False,-4.750537,0.0,-1,0,,quality_limited,risk,Is this area crowded or blocked?,critical,3.0,2.8,0.72,0.2,-104.145012,32.063175,7.097562,0.696077,0.65,0.619931,0.588713,0.4,0.856855,0.037588,1.239862,0.4,0.1235,0.066019,medium,good,0.0,False,6,263.047922,17.705656,0.275379,104.145012,-79.45685,8.303824,0.617342,0.96,False,0.111962,0.55,550000.0,False,0.203566,0.0,3072.0,True,4,True,99.060082,0.4,none
cache_first,0,5,ep0_attribute_damage_6,1,observe,2,0.2,1.2,0.2,0.703379,5.75311,3.039232,True,False,True,False,False,-3.474162,0.844055,2,0,2;3,feasible,attribute,What is the visible condition of the car objects in this area?,normal,1.2,4.0,0.62,0.2,-102.500359,31.489341,6.692566,0.576827,0.9,1.91257,0.588713,0.4,1.375,0.031149,2.295084,0.55,0.163,0.090785,medium,medium,0.0,False,6,222.534744,21.06915,0.394284,102.500359,-79.442264,7.715465,-0.406162,0.96,False,0.152958,1.6,1600000.0,False,0.095599,0.146713,4096.0,True,1,True,99.035316,0.4,none
cache_first,0,5,ep0_relation_person_vehicle_7,0,observe,3,0.2,1.2,0.2,0.499066,3.352621,1.000464,False,True,True,False,False,-3.015725,0.0,-1,0,,quality_limited,relation,Are people close to vehicles in this area?,normal,1.3,4.2,0.6,0.2,-96.046916,37.942784,11.707919,0.481239,0.65,0.375814,0.588713,0.4,0.856855,0.025987,0.450977,0.4,0.1235,0.050009,medium,medium,0.0,False,6,190.824947,24.786135,0.54125,96.046916,-79.809878,14.534914,3.255804,0.96,False,0.0,0.55,550000.0,False,0.0,0.0,3072.0,True,4,True,98.967343,0.6,none
cache_first,1,0,ep1_cache_feasible_0,1,reuse_cache,0,0.125,1.2,0.125,0.667256,0.683693,0.01,True,True,True,False,True,3.827077,0.667256,0,0,0;1;2;3,feasible,presence,Are there car objects in this area?,normal,1.0,3.0,0.58,0.125,-101.172061,34.858839,17.299389,0.0,0.0,0.0,0.253693,0.4,0.03,0.0,0.0,0.0,0.01,0.0077,good,good,0.0,True,1,181.383571,26.171168,0.595556,101.172061,-120.0,34.716102,-2.842911,0.96,True,0.0,0.01,10000.0,False,0.0,0.975959,256.0,True,1,True,99.9923,0.5,none
cache_first,1,0,ep1_light_feasible_1,1,observe,1,0.125,1.2,0.125,0.515592,2.406588,0.580209,False,True,True,False,False,-2.697678,0.0,1,0,1;2;3,feasible,counting,How many car objects are in this area?,normal,1.0,3.5,0.55,0.125,-108.073412,27.957487,6.510532,0.801715,0.35,0.22118,0.253693,0.06,0.72,0.043293,0.265416,0.2,0.0715,0.041604,medium,good,0.0,False,1,299.499583,15.492499,0.210552,108.073412,-90.263465,12.845906,-1.487659,0.68,False,0.081467,0.18,180000.0,False,0.452593,0.0,1536.0,True,1,True,99.958396,0.5,none
cache_first,1,0,ep1_image_required_2,0,observe,2,0.125,2.0,0.125,0.777995,5.348544,3.41924,True,False,True,False,False,-3.430022,1.55599,2,0,2,feasible,risk,Is this area crowded or blocked?,critical,2.0,3.2,0.74,0.125,-104.557591,33.691797,9.590915,0.686061,0.9,1.334596,0.253693,0.4,1.774194,0.037047,2.669193,0.55,0.163,0.098385,good,good,0.0,False,1,259.6151,17.947685,0.283173,104.557591,-90.900064,19.195734,0.009108,0.28,False,0.521045,1.6,1600000.0,False,0.325653,0.290918,4096.0,True,4,True,99.901615,0.5,none
cache_first,1,0,ep1_infeasible_bad_channel_3,0,observe,3,0.125,2.0,0.125,0.285287,3.751328,1.278294,False,False,True,False,False,-4.657076,0.0,-1,0,,quality_limited,risk,Is this area crowded or blocked?,critical,2.0,0.8,0.9,0.125,-100.887796,37.361591,12.100253,0.509932,0.65,0.363629,0.253693,0.4,1.574074,0.027536,0.727258,0.4,0.1235,0.055566,bad,bad,0.0,False,1,200.249844,23.546983,0.491779,100.887796,-92.363254,24.267366,-0.679219,0.28,False,0.061773,0.55,550000.0,False,0.112315,0.0,3072.0,True,2,True,99.944434,0.5,none
cache_first,1,0,ep1_critical_preempt_4,1,observe,2,0.125,2.0,0.125,0.777995,5.895007,4.006175,True,False,True,False,False,-3.654678,2.333985,2,0,3,feasible,risk,Is this area crowded or blocked?,critical,3.0,2.8,0.72,0.125,-107.590066,30.659321,7.896148,0.946077,0.9,1.621044,0.253693,0.4,1.774194,0.051088,3.242087,0.55,0.163,0.110124,good,good,0.0,False,1,349.857114,13.218475,0.156375,107.590066,-90.45372,15.732005,0.968151,0.28,False,0.521045,1.6,1600000.0,False,0.325653,0.395926,4096.0,True,4,True,99.889876,0.5,none
cache_first,1,0,ep1_normal_competing_5,0,observe,2,0.125,1.2,0.125,0.619536,5.725235,2.809414,True,False,True,False,False,-3.432721,0.619536,2,0,2;3,feasible,counting,How many car objects are in this area?,normal,1.0,3.5,0.52,0.125,-106.207256,29.823643,7.457609,0.680981,0.9,1.716368,0.253693,0.4,1.774194,0.036773,2.059641,0.55,0.163,0.086188,medium,medium,0.0,False,1,257.875939,18.072893,0.287257,106.207256,-90.380839,14.825771,-1.741535,0.68,False,0.185411,1.6,1600000.0,False,0.115882,0.108211,4096.0,True,4,True,99.913812,0.5,none
cache_first,1,0,ep1_attribute_damage_6,1,observe,2,0.125,1.2,0.125,0.697578,5.592006,2.599831,True,False,True,False,False,-3.367976,0.837094,2,0,2;3,feasible,attribute,What is the visible condition of the car objects in this area?,normal,1.2,4.0,0.62,0.125,-104.595092,31.435808,8.312966,0.724356,0.9,1.539763,0.253693,0.4,1.774194,0.039115,1.847716,0.55,0.163,0.081997,medium,medium,0.0,False,1,272.763634,17.05528,0.255107,104.595092,-90.536708,16.588786,0.69625,0.68,False,0.287331,1.6,1600000.0,False,0.179582,0.149695,4096.0,True,4,True,99.918003,0.5,none
cache_first,1,0,ep1_relation_person_vehicle_7,0,observe,3,0.125,1.2,0.125,0.525667,4.118729,1.214278,False,True,True,False,False,-3.239324,0.0,-1,0,,quality_limited,relation,Are people close to vehicles in this area?,normal,1.3,4.2,0.6,0.125,-105.019774,31.011126,8.083805,0.696663,0.65,0.544298,0.253693,0.4,1.574074,0.03762,0.653158,0.4,0.1235,0.054286,medium,medium,0.0,False,1,263.248932,17.691689,0.274934,105.019774,-90.489293,16.118234,-0.24611,0.28,False,0.27836,0.55,550000.0,False,0.506109,0.0,3072.0,True,2,True,99.945714,0.5,none
cache_first,1,1,ep1_light_feasible_1,1,reuse_cache,0,0.142857,1.2,0.142857,0.569817,0.839531,0.01,True,True,True,False,True,3.788117,0.569817,0,0,0;1;2;3,feasible,counting,How many car objects are in this area?,normal,1.0,3.5,0.55,0.142857,-107.152306,28.298674,16.047836,0.0,0.0,0.0,0.409531,0.4,0.03,0.0,0.0,0.0,0.01,0.0077,good,good,0.0,True,2,289.753068,16.027409,0.22513,107.152306,-120.0,28.173525,-1.013857,0.96,True,0.0,0.01,10000.0,False,0.0,0.678733,256.0,True,1,True,99.750875,0.428571,none
cache_first,1,1,ep1_image_required_2,0,observe,2,0.142857,2.0,0.142857,0.775352,5.13063,2.974979,True,False,True,False,False,-3.308904,1.550704,2,0,2,feasible,risk,Is this area crowded or blocked?,critical,2.0,3.2,0.74,0.142857,-102.707803,34.961665,11.495388,0.648126,0.9,1.11349,0.409531,0.4,1.659483,0.034999,2.22698,0.55,0.163,0.0895,good,good,0.0,False,2,246.659142,18.925244,0.315968,102.707803,-89.987336,20.144187,1.074627,0.96,False,0.244401,1.6,1600000.0,False,0.152751,0.302244,4096.0,True,3,True,99.616075,0.571429,none
cache_first,1,1,ep1_infeasible_bad_channel_3,0,observe,3,0.142857,2.0,0.142857,0.288786,3.611725,1.178229,False,False,True,False,False,-4.607166,0.0,-1,-1,,quality_limited,risk,Is this area crowded or blocked?,critical,2.0,0.8,0.9,0.142857,-99.783934,37.885534,13.970631,0.459932,0.65,0.314946,0.409531,0.4,1.377315,0.024836,0.629893,0.4,0.1235,0.053565,bad,bad,0.0,False,2,183.88931,25.788114,0.580711,99.783934,-91.495572,24.517223,-1.190093,0.96,False,0.0,0.55,550000.0,False,0.0,0.0,3072.0,True,2,True,99.65201,0.571429,none
cache_first,1,1,ep1_critical_preempt_4,1,observe,2,0.142857,2.0,0.142857,0.775352,5.711238,3.653682,True,False,True,False,False,-3.555862,2.326056,2,0,,deadline_limited,risk,Is this area crowded or blocked?,critical,3.0,2.8,0.72,0.142857,-106.720425,30.949043,8.851105,0.896077,0.9,1.446147,0.409531,0.4,1.659483,0.048388,2.892294,0.55,0.163,0.103074,good,good,0.0,False,2,332.359507,13.928048,0.171943,106.720425,-89.25312,15.419685,1.207463,0.96,False,0.244401,1.6,1600000.0,False,0.152751,0.407277,4096.0,True,3,True,99.655501,0.428571,none
cache_first,1,1,ep1_normal_competing_5,0,reuse_cache,0,0.142857,1.2,0.142857,0.575649,0.839531,0.01,True,True,True,False,True,3.788117,0.575649,0,0,0;1;2;3,feasible,counting,How many car objects are in this area?,normal,1.0,3.5,0.52,0.142857,-107.594501,27.856479,15.796421,0.0,0.0,0.0,0.409531,0.4,0.03,0.0,0.0,0.0,0.01,0.0077,medium,medium,0.0,True,2,271.057083,17.16598,0.258487,107.594501,-120.0,27.73133,-2.393547,0.96,True,0.0,0.01,10000.0,False,0.0,0.685679,256.0,True,1,True,99.697875,0.571429,none
cache_first,1,1,ep1_attribute_damage_6,1,observe,2,0.142857,1.2,0.142857,0.703379,5.456973,2.427646,True,False,True,False,False,-3.30839,0.844055,2,0,2;3,feasible,attribute,What is the visible condition of the car objects in this area?,normal,1.2,4.0,0.62,0.142857,-104.002976,31.448004,9.157148,0.690144,0.9,1.397815,0.409531,0.4,1.659483,0.037268,1.677378,0.55,0.163,0.078553,medium,medium,0.0,False,2,261.014066,17.848243,0.279955,104.002976,-89.307596,15.971588,0.644036,0.96,False,0.152958,1.6,1600000.0,False,0.095599,0.154675,4096.0,True,3,True,99.680022,0.428571,none
cache_first,1,1,ep1_relation_person_vehicle_7,0,observe,3,0.142857,1.2,0.142857,0.499066,3.962029,1.12698,False,True,True,False,False,-3.187054,0.0,-1,0,,quality_limited,relation,Are people close to vehicles in this area?,normal,1.3,4.2,0.6,0.142857,-103.787245,31.663736,9.290985,0.651606,0.65,0.473577,0.409531,0.4,1.377315,0.035187,0.568293,0.4,0.1235,0.05254,medium,medium,0.0,False,2,247.844371,18.831325,0.312729,103.787245,-89.333396,16.212386,0.070135,0.96,False,0.0,0.55,550000.0,False,0.0,0.0,3072.0,True,2,True,99.653035,0.571429,none
cache_first,1,2,ep1_image_required_2,0,observe,2,0.2,2.0,0.2,0.775352,4.545047,2.651108,True,False,True,False,False,-3.113928,1.550704,2,0,2,feasible,risk,Is this area crowded or blocked?,critical,2.0,3.2,0.74,0.2,-102.51742,33.690767,13.437869,0.611928,0.9,0.952532,0.495242,0.4,1.185345,0.033044,1.905064,0.55,0.163,0.083022,good,good,0.0,False,3,234.370357,19.958541,0.352735,102.51742,-86.360638,16.764475,0.445821,0.96,False,0.244401,1.6,1600000.0,False,0.152751,0.341185,4096.0,True,3,True,99.419248,0.6,none
cache_first,1,2,ep1_infeasible_bad_channel_3,0,observe,3,0.2,2.0,0.2,0.288786,3.158523,0.984741,False,False,True,False,False,-4.464842,0.0,-1,-1,,quality_limited,risk,Is this area crowded or blocked?,critical,2.0,0.8,0.9,0.2,-97.023166,39.185021,20.040782,0.409932,0.65,0.219552,0.495242,0.4,0.983796,0.022136,0.439105,0.4,0.1235,0.049695,bad,bad,0.0,False,3,167.864698,28.461902,0.679941,97.023166,-89.31043,25.123657,-0.193528,0.96,False,0.0,0.55,550000.0,False,0.0,0.0,3072.0,True,2,True,99.452575,0.6,none
cache_first,1,2,ep1_critical_preempt_4,1,observe,2,0.2,2.0,0.2,0.688734,4.984441,3.074243,False,False,True,False,False,-5.287247,0.0,2,0,,deadline_limited,risk,Is this area crowded or blocked?,critical,3.0,2.8,0.72,0.2,-105.229793,30.978394,11.055667,0.846077,0.9,1.157777,0.495242,0.4,1.185345,0.045688,2.315554,0.55,0.163,0.091485,medium,good,0.0,False,3,314.918535,14.71635,0.190651,105.229793,-85.986248,13.684998,2.014712,0.96,False,0.155038,1.6,1600000.0,False,0.096898,0.0,4096.0,True,3,True,99.477763,0.4,none
cache_first,1,2,ep1_attribute_damage_6,1,observe,2,0.2,1.2,0.2,0.703379,4.83079,2.179226,True,False,True,False,False,-3.114582,0.844055,2,0,2;3,feasible,attribute,What is the visible condition of the car objects in this area?,normal,1.2,4.0,0.62,0.2,-103.395976,30.593724,10.73603,0.657956,0.9,1.192247,0.495242,0.4,1.185345,0.03553,1.430696,0.55,0.163,0.073585,medium,medium,0.0,False,3,250.00937,18.6622,0.306943,103.395976,-85.951335,13.266063,0.59658,0.96,False,0.152958,1.6,1600000.0,False,0.095599,0.174724,4096.0,True,3,True,99.495663,0.4,none
cache_first,1,2,ep1_relation_person_vehicle_7,0,observe,3,0.2,1.2,0.2,0.499066,3.522417,1.019563,False,True,True,False,False,-3.061039,0.0,-1,0,,quality_limited,relation,Are people close to vehicles in this area?,normal,1.3,4.2,0.6,0.2,-102.605313,31.384387,11.397304,0.607322,0.65,0.386056,0.495242,0.4,0.983796,0.032795,0.463267,0.4,0.1235,0.050391,medium,medium,0.0,False,3,232.812509,20.097831,0.35784,102.605313,-86.026962,14.130941,0.248265,0.96,False,0.0,0.55,550000.0,False,0.0,0.0,3072.0,True,2,True,99.451879,0.6,none
cache_first,1,3,ep1_image_required_2,0,observe,2,0.2,2.0,0.2,0.775352,4.648925,2.655404,True,False,True,False,False,-3.140542,1.550704,2,0,2,feasible,risk,Is this area crowded or blocked?,critical,2.0,3.2,0.74,0.2,-101.44046,34.767728,13.394704,0.577792,0.9,0.955602,0.542383,0.4,1.273148,0.031201,1.911203,0.55,0.163,0.083108,good,good,0.0,False,4,222.859141,21.037024,0.393057,101.44046,-85.207791,16.709186,0.678698,0.96,False,0.244401,1.6,1600000.0,False,0.152751,0.333562,4096.0,True,2,True,99.236054,0.6,none
cache_first,1,3,ep1_infeasible_bad_channel_3,0,observe,3,0.2,2.0,0.2,0.288786,3.080512,0.967433,False,False,True,False,False,-4.442743,0.0,-1,-1,,quality_limited,risk,Is this area crowded or blocked?,critical,2.0,0.8,0.9,0.2,-95.543856,40.664332,20.730424,0.359932,0.65,0.212248,0.542383,0.4,0.915948,0.019436,0.424497,0.4,0.1235,0.049349,bad,bad,0.0,False,4,152.282092,31.69119,0.780775,95.543856,-88.675287,25.991081,-0.552553,0.96,False,0.0,0.55,550000.0,False,0.0,0.0,3072.0,True,3,True,99.269813,0.6,none
cache_first,1,3,ep1_critical_preempt_4,1,observe,3,0.2,2.0,0.2,0.645658,3.72725,1.412171,False,False,True,False,False,-4.671138,0.0,-1,0,,quality_limited,risk,Is this area crowded or blocked?,critical,3.0,2.8,0.72,0.2,-104.893263,31.314925,10.405791,0.796077,0.65,0.422841,0.542383,0.4,0.915948,0.042988,0.845683,0.4,0.1235,0.058243,medium,good,0.0,False,4,297.544157,15.596897,0.213341,104.893263,-84.776292,12.831311,1.604796,0.96,False,0.111962,0.55,550000.0,False,0.203566,0.0,3072.0,True,3,True,99.345935,0.4,none
cache_first,1,3,ep1_attribute_damage_6,1,observe,2,0.2,1.2,0.2,0.703379,5.057509,2.323566,True,False,True,False,False,-3.192912,0.844055,2,0,2;3,feasible,attribute,What is the visible condition of the car objects in this area?,normal,1.2,4.0,0.62,0.2,-103.498011,30.491689,9.742182,0.628104,0.9,1.313874,0.542383,0.4,1.273148,0.033918,1.576649,0.55,0.163,0.076471,medium,medium,0.0,False,4,239.852095,19.483713,0.33559,103.498011,-84.718283,11.950883,-0.159562,0.96,False,0.152958,1.6,1600000.0,False,0.095599,0.166891,4096.0,True,2,True,99.327707,0.4,none
cache_first,1,3,ep1_relation_person_vehicle_7,0,observe,3,0.2,1.2,0.2,0.499066,3.471618,1.033105,False,True,True,False,False,-3.05037,0.0,-1,0,,quality_limited,relation,Are people close to vehicles in this area?,normal,1.3,4.2,0.6,0.2,-101.931093,32.058607,11.019527,0.563995,0.65,0.399291,0.542383,0.4,0.915948,0.030456,0.479149,0.4,0.1235,0.050662,medium,medium,0.0,False,4,218.230374,21.505164,0.411062,101.931093,-84.839924,13.637716,-0.174515,0.96,False,0.0,0.55,550000.0,False,0.0,0.0,3072.0,True,3,True,99.2685,0.6,none
cache_first,1,4,ep1_image_required_2,0,observe,2,0.2,2.0,0.2,0.775352,4.703337,2.774032,True,False,True,False,False,-3.171939,1.550704,2,0,2,feasible,risk,Is this area crowded or blocked?,critical,2.0,3.2,0.74,0.2,-100.698562,35.509625,12.601263,0.546107,0.9,1.015771,0.568311,0.4,1.273148,0.02949,2.031542,0.55,0.163,0.085481,good,good,0.0,False,5,212.252041,22.142436,0.43595,100.698562,-83.423823,15.690051,0.568627,0.96,False,0.244401,1.6,1600000.0,False,0.152751,0.329703,4096.0,True,2,True,99.050562,0.6,none
cache_first,1,4,ep1_infeasible_bad_channel_3,0,observe,3,0.2,2.0,0.2,0.288786,3.048987,0.949827,False,False,True,False,False,-4.432221,0.0,-1,-1,,quality_limited,risk,Is this area crowded or blocked?,critical,2.0,0.8,0.9,0.2,-93.586463,42.621724,21.48487,0.309932,0.65,0.204795,0.568311,0.4,0.915948,0.016736,0.409591,0.4,0.1235,0.048997,bad,bad,0.0,False,5,137.292075,35.640624,0.870129,93.586463,-87.634665,26.939515,-0.38942,0.96,False,0.0,0.55,550000.0,False,0.0,0.0,3072.0,True,3,True,99.087046,0.6,none
cache_first,1,4,ep1_critical_preempt_4,1,observe,3,0.2,2.0,0.2,0.645658,3.731836,1.466788,False,False,True,False,False,-4.680477,0.0,-1,0,,quality_limited,risk,Is this area crowded or blocked?,critical,3.0,2.8,0.72,0.2,-104.097403,32.110784,9.745294,0.746077,0.65,0.4515,0.568311,0.4,0.915948,0.040288,0.903,0.4,0.1235,0.059336,medium,good,0.0,False,5,280.24876,16.586387,0.241114,104.097403,-83.084242,11.955036,1.578533,0.96,False,0.111962,0.55,550000.0,False,0.203566,0.0,3072.0,True,3,True,99.210128,0.4,none
cache_first,1,4,ep1_attribute_damage_6,1,observe,2,0.2,1.2,0.2,0.703379,5.129937,2.410503,True,False,True,False,False,-3.22406,0.844055,2,0,2;3,feasible,attribute,What is the visible condition of the car objects in this area?,normal,1.2,4.0,0.62,0.2,-102.538505,31.451195,9.224935,0.600934,0.9,1.387544,0.568311,0.4,1.273148,0.03245,1.665052,0.55,0.163,0.07821,medium,medium,0.0,False,5,230.654222,20.294128,0.365089,102.538505,-83.045645,11.257221,0.160846,0.96,False,0.152958,1.6,1600000.0,False,0.095599,0.164535,4096.0,True,2,True,99.191254,0.4,none
cache_first,1,4,ep1_relation_person_vehicle_7,0,observe,3,0.2,1.2,0.2,0.499066,3.450671,1.02514,False,True,True,False,False,-3.043939,0.0,-1,0,,quality_limited,relation,Are people close to vehicles in this area?,normal,1.3,4.2,0.6,0.2,-100.157674,33.832026,11.151957,0.521863,0.65,0.39455,0.568311,0.4,0.915948,0.028181,0.473459,0.4,0.1235,0.050503,medium,medium,0.0,False,5,204.19434,23.065528,0.472548,100.157674,-83.220166,13.810869,0.410358,0.96,False,0.0,0.55,550000.0,False,0.0,0.0,3072.0,True,3,True,99.08554,0.6,none
cache_first,1,5,ep1_image_required_2,0,observe,2,0.2,2.0,0.2,0.775352,4.690395,2.775645,True,False,True,False,False,-3.168946,1.550704,2,0,2,feasible,risk,Is this area crowded or blocked?,critical,2.0,3.2,0.74,0.2,-99.528644,36.679544,12.581644,0.517321,0.9,1.017355,0.582571,0.4,1.273148,0.027935,2.03471,0.55,0.163,0.085513,good,good,0.0,False,6,202.691048,23.246602,0.479774,99.528644,-82.217639,15.664778,0.90375,0.96,False,0.244401,1.6,1600000.0,False,0.152751,0.330613,4096.0,True,2,True,98.865549,0.6,none
cache_first,1,5,ep1_infeasible_bad_channel_3,0,observe,3,0.2,2.0,0.2,0.288786,3.00712,0.934874,False,False,True,False,False,-4.419511,0.0,-1,-1,,quality_limited,risk,Is this area crowded or blocked?,critical,2.0,0.8,0.9,0.2,-92.132288,44.0759,22.147388,0.259932,0.65,0.198669,0.582571,0.4,0.915948,0.014036,0.397338,0.4,0.1235,0.048697,bad,bad,0.0,False,6,123.111301,40.527918,0.93608,92.132288,-86.996952,27.772036,-0.57045,0.96,False,0.0,0.55,550000.0,False,0.0,0.0,3072.0,True,3,True,98.902365,0.6,none
cache_first,1,5,ep1_critical_preempt_4,1,observe,3,0.2,2.0,0.2,0.645658,3.734756,1.541409,False,False,True,False,False,-4.6924,0.0,-1,0,,quality_limited,risk,Is this area crowded or blocked?,critical,3.0,2.8,0.72,0.2,-103.884295,32.323893,8.976656,0.696077,0.65,0.49016,0.582571,0.4,0.915948,0.037588,0.980321,0.4,0.1235,0.060828,medium,good,0.0,False,6,263.047922,17.705656,0.275379,103.884295,-81.827122,10.921568,0.87806,0.96,False,0.111962,0.55,550000.0,False,0.203566,0.0,3072.0,True,3,True,99.07109,0.4,none
cache_first,1,5,ep1_attribute_damage_6,1,observe,2,0.2,1.2,0.2,0.703379,5.164922,2.463,True,False,True,False,False,-3.24068,0.844055,2,0,2;3,feasible,attribute,What is the visible condition of the car objects in this area?,normal,1.2,4.0,0.62,0.2,-101.718108,32.271592,8.936202,0.576827,0.9,1.432376,0.582571,0.4,1.273148,0.031149,1.718851,0.55,0.163,0.07926,medium,medium,0.0,False,6,222.534744,21.06915,0.394284,101.718108,-81.824533,10.866697,0.376089,0.96,False,0.152958,1.6,1600000.0,False,0.095599,0.163421,4096.0,True,2,True,99.052658,0.4,none
cache_first,1,5,ep1_relation_person_vehicle_7,0,observe,3,0.2,1.2,0.2,0.499066,3.46541,1.07227,False,True,True,False,False,-3.054693,0.0,-1,0,,quality_limited,relation,Are people close to vehicles in this area?,normal,1.3,4.2,0.6,0.2,-100.244776,33.744924,10.099795,0.481239,0.65,0.435652,0.582571,0.4,0.915948,0.025987,0.522783,0.4,0.1235,0.051445,medium,medium,0.0,False,6,190.824947,24.786135,0.54125,100.244776,-81.911686,12.426545,-0.942056,0.96,False,0.0,0.55,550000.0,False,0.0,0.0,3072.0,True,3,True,98.899617,0.6,none
deadline_aware_greedy,0,0,ep0_cache_feasible_0,1,reuse_cache,0,0.121758,1.2,0.121758,0.667256,0.805738,0.01,True,True,True,False,True,3.796566,0.667256,0,0,0;1;2;3,feasible,presence,Are there car objects in this area?,normal,1.0,3.0,0.58,0.121758,-97.814468,38.33056,18.53355,0.0,0.0,0.0,0.375738,0.4,0.03,0.0,0.0,0.0,0.01,0.0077,good,good,0.0,True,1,181.383571,26.171168,0.595556,97.814468,-120.0,38.184086,0.514682,0.96,True,0.0,0.01,10000.0,False,0.0,0.828131,256.0,True,1,True,99.9923,0.5,none
deadline_aware_greedy,0,0,ep0_light_feasible_1,1,observe,1,0.117435,1.2,0.117435,0.515592,2.559403,0.561477,False,True,True,False,False,-2.733072,0.0,1,0,1;2;3,feasible,counting,How many car objects are in this area?,normal,1.0,3.5,0.55,0.117435,-104.629257,31.672762,7.004903,0.801715,0.35,0.20557,0.375738,0.06,0.76638,0.043293,0.246684,0.2,0.0715,0.04123,medium,good,0.0,False,1,299.499583,15.492499,0.210552,104.629257,-88.750806,14.822725,1.956496,0.68,False,0.081467,0.18,180000.0,False,0.452593,0.0,1536.0,True,1,True,99.95877,0.5,none
deadline_aware_greedy,0,0,ep0_image_required_2,0,observe,2,0.128242,2.0,0.128242,0.690984,5.758657,4.085083,False,False,True,False,False,-5.632427,0.0,2,0,2,feasible,risk,Is this area crowded or blocked?,critical,2.0,3.2,0.74,0.128242,-106.523875,31.614307,7.676079,0.686061,0.9,1.667518,0.375738,0.4,1.72934,0.037047,3.335036,0.55,0.163,0.111702,medium,good,0.0,False,1,259.6151,17.947685,0.283173,106.523875,-88.482973,14.876366,-1.957176,0.28,False,0.432871,1.6,1600000.0,False,0.270545,0.0,4096.0,True,4,True,99.888298,0.5,none
deadline_aware_greedy,0,0,ep0_infeasible_bad_channel_3,0,observe,3,0.130403,2.0,0.130403,0.285287,3.777967,1.21793,False,False,True,False,False,-4.654681,0.0,-1,-1,,quality_limited,risk,Is this area crowded or blocked?,critical,2.0,0.8,0.9,0.130403,-98.443599,39.621998,13.1955,0.509932,0.65,0.333447,0.375738,0.4,1.50885,0.027536,0.666894,0.4,0.1235,0.054359,bad,bad,0.0,False,1,200.249844,23.546983,0.491779,98.443599,-90.971374,25.371716,1.764978,0.28,False,0.061773,0.55,550000.0,False,0.112315,0.0,3072.0,True,2,True,99.945641,0.5,none
deadline_aware_greedy,0,0,ep0_critical_preempt_4,1,observe,2,0.132565,2.0,0.132565,0.690984,6.105322,4.385205,False,False,True,False,False,-5.764111,0.0,2,0,,deadline_limited,risk,Is this area crowded or blocked?,critical,3.0,2.8,0.72,0.132565,-108.085039,29.909165,7.069642,0.946077,0.9,1.810558,0.375738,0.4,1.672949,0.051088,3.621117,0.55,0.163,0.117704,medium,good,0.0,False,1,349.857114,13.218475,0.156375,108.085039,-88.341789,13.173959,0.473178,0.28,False,0.432871,1.6,1600000.0,False,0.270545,0.0,4096.0,True,4,True,99.882296,0.5,none
deadline_aware_greedy,0,0,ep0_normal_competing_5,0,observe,2,0.119597,1.2,0.119597,0.619536,5.693399,2.528566,True,False,True,False,False,-3.382634,0.619536,2,0,2;3,feasible,counting,How many car objects are in this area?,normal,1.0,3.5,0.52,0.119597,-101.650499,34.572315,8.63507,0.680981,0.9,1.482327,0.375738,0.4,1.854353,0.036773,1.778793,0.55,0.163,0.080571,medium,medium,0.0,False,1,257.875939,18.072893,0.287257,101.650499,-89.001184,18.044795,2.815222,0.68,False,0.185411,1.6,1600000.0,False,0.115882,0.108817,4096.0,True,4,True,99.919429,0.5,none
deadline_aware_greedy,0,0,ep0_attribute_damage_6,1,observe,2,0.123919,1.2,0.123919,0.697578,6.221701,3.190445,True,False,True,False,False,-3.613992,0.837094,2,0,2;3,feasible,attribute,What is the visible condition of the car objects in this area?,normal,1.2,4.0,0.62,0.123919,-106.627345,29.441265,6.299395,0.724356,0.9,2.031941,0.375738,0.4,1.789666,0.039115,2.43833,0.55,0.163,0.093809,medium,medium,0.0,False,1,272.763634,17.05528,0.255107,106.627345,-88.440105,12.515518,-1.336002,0.68,False,0.287331,1.6,1600000.0,False,0.179582,0.134544,4096.0,True,4,True,99.906191,0.5,none
deadline_aware_greedy,0,0,ep0_relation_person_vehicle_7,0,observe,3,0.126081,1.2,0.126081,0.525667,4.148817,1.12012,False,True,True,False,False,-3.232722,0.0,-1,0,,quality_limited,relation,Are people close to vehicles in this area?,normal,1.3,4.2,0.6,0.126081,-100.911697,35.081817,9.445428,0.696663,0.65,0.465834,0.375738,0.4,1.560582,0.03762,0.559001,0.4,0.1235,0.052402,medium,medium,0.0,False,1,263.248932,17.691689,0.274934,100.911697,-88.957315,18.735514,3.861966,0.28,False,0.27836,0.55,550000.0,False,0.506109,0.0,3072.0,True,2,True,99.947598,0.5,none
deadline_aware_greedy,0,1,ep0_light_feasible_1,1,reuse_cache,0,0.137218,1.2,0.137218,0.569817,0.906656,0.01,True,True,True,False,True,3.771336,0.569817,0,0,0;1;2;3,feasible,counting,How many car objects are in this area?,normal,1.0,3.5,0.55,0.137218,-103.355089,32.270798,17.582162,0.0,0.0,0.0,0.476656,0.4,0.03,0.0,0.0,0.0,0.01,0.0077,good,good,0.0,True,2,289.753068,16.027409,0.22513,103.355089,-120.0,32.140582,2.78336,0.96,True,0.0,0.01,10000.0,False,0.0,0.628483,256.0,True,1,True,99.731857,0.428571,none
deadline_aware_greedy,0,1,ep0_image_required_2,0,observe,3,0.145677,2.0,0.145677,0.645658,3.852607,1.561391,False,False,True,False,False,-4.72486,0.0,-1,0,2,feasible,risk,Is this area crowded or blocked?,critical,2.0,3.2,0.74,0.145677,-105.244129,32.340458,8.774619,0.648126,0.65,0.501446,0.476656,0.4,1.176379,0.034999,1.002893,0.4,0.1235,0.061228,medium,good,0.0,False,2,246.659142,18.925244,0.315968,105.244129,-87.288283,14.974073,-1.461699,0.96,False,0.111962,0.55,550000.0,False,0.203566,0.0,3072.0,True,4,True,99.639738,0.571429,none
deadline_aware_greedy,0,1,ep0_infeasible_bad_channel_3,0,observe,3,0.148496,2.0,0.148496,0.288786,3.404845,1.076765,False,False,True,False,False,-4.540226,0.0,-1,-1,,quality_limited,risk,Is this area crowded or blocked?,critical,2.0,0.8,0.9,0.148496,-96.319088,41.182245,16.653131,0.459932,0.65,0.264215,0.476656,0.4,1.154042,0.024836,0.528429,0.4,0.1235,0.051535,bad,bad,0.0,False,2,183.88931,25.788114,0.580711,96.319088,-91.655,28.12586,2.274753,0.96,False,0.0,0.55,550000.0,False,0.0,0.0,3072.0,True,4,True,99.649431,0.571429,none
deadline_aware_greedy,0,1,ep0_critical_preempt_4,1,observe,3,0.151316,2.0,0.151316,0.645658,4.147522,1.756389,False,False,True,False,False,-4.827839,0.0,-1,0,,quality_limited,risk,Is this area crowded or blocked?,critical,3.0,2.8,0.72,0.151316,-107.924479,29.495166,7.429291,0.896077,0.65,0.59225,0.476656,0.4,1.132539,0.048388,1.184501,0.4,0.1235,0.065128,medium,good,0.0,False,2,332.359507,13.928048,0.171943,107.924479,-87.04727,12.054092,0.003409,0.96,False,0.111962,0.55,550000.0,False,0.203566,0.0,3072.0,True,4,True,99.674429,0.428571,none
deadline_aware_greedy,0,1,ep0_normal_competing_5,0,reuse_cache,0,0.134398,1.2,0.134398,0.575649,0.906656,0.01,True,True,True,False,True,3.771336,0.575649,0,0,0;1;2;3,feasible,counting,How many car objects are in this area?,normal,1.0,3.5,0.52,0.134398,-102.907931,32.808125,17.507154,0.0,0.0,0.0,0.476656,0.4,0.03,0.0,0.0,0.0,0.01,0.0077,medium,medium,0.0,True,2,271.057083,17.16598,0.258487,102.907931,-120.0,32.675219,2.293023,0.96,True,0.0,0.01,10000.0,False,0.0,0.634915,256.0,True,1,True,99.693266,0.571429,none
deadline_aware_greedy,0,1,ep0_attribute_damage_6,1,observe,2,0.140038,1.2,0.140038,0.703379,6.234224,2.914666,True,False,True,False,False,-3.575756,0.844055,2,0,2;3,feasible,attribute,What is the visible condition of the car objects in this area?,normal,1.2,4.0,0.62,0.140038,-105.505627,30.031927,7.096659,0.690144,0.9,1.803666,0.476656,0.4,1.963758,0.037268,2.164399,0.55,0.163,0.088293,medium,medium,0.0,False,2,261.014066,17.848243,0.279955,105.505627,-87.264387,12.473695,-0.858615,0.96,False,0.152958,1.6,1600000.0,False,0.095599,0.135391,4096.0,True,1,True,99.651264,0.428571,none
deadline_aware_greedy,0,1,ep0_relation_person_vehicle_7,0,observe,3,0.142857,1.2,0.142857,0.499066,3.803464,1.069413,False,True,True,False,False,-3.138778,0.0,-1,0,,quality_limited,relation,Are people close to vehicles in this area?,normal,1.3,4.2,0.6,0.142857,-100.333189,35.117792,10.338212,0.651606,0.65,0.425606,0.476656,0.4,1.199597,0.035187,0.510727,0.4,0.1235,0.051388,medium,medium,0.0,False,2,247.844371,18.831325,0.312729,100.333189,-87.715321,18.087039,3.52419,0.96,False,0.0,0.55,550000.0,False,0.0,0.0,3072.0,True,4,True,99.649578,0.571429,none
deadline_aware_greedy,0,2,ep0_image_required_2,0,observe,3,0.2,2.0,0.2,0.645658,3.491171,1.436999,False,False,True,False,False,-4.615843,0.0,-1,0,2,feasible,risk,Is this area crowded or blocked?,critical,2.0,3.2,0.74,0.2,-105.12628,31.081907,9.994832,0.611928,0.65,0.440228,0.532161,0.4,0.856855,0.033044,0.880455,0.4,0.1235,0.05874,medium,good,0.0,False,3,234.370357,19.958541,0.352735,105.12628,-84.460921,12.287238,-2.163039,0.96,False,0.111962,0.55,550000.0,False,0.203566,0.0,3072.0,True,4,True,99.470375,0.6,none
deadline_aware_greedy,0,2,ep0_infeasible_bad_channel_3,0,observe,3,0.205505,2.0,0.205505,0.288786,3.020783,0.935211,False,False,True,False,False,-4.422977,0.0,-1,-1,,quality_limited,risk,Is this area crowded or blocked?,critical,2.0,0.8,0.9,0.205505,-94.719713,41.370559,22.588751,0.409932,0.65,0.194787,0.532161,0.4,0.833903,0.022136,0.389574,0.4,0.1235,0.048704,bad,bad,0.0,False,3,167.864698,28.461902,0.679941,94.719713,-89.460523,27.566366,2.109925,0.96,False,0.0,0.55,550000.0,False,0.0,0.0,3072.0,True,4,True,99.480411,0.6,none
deadline_aware_greedy,0,2,ep0_critical_preempt_4,1,observe,3,0.211009,2.0,0.211009,0.645658,3.716428,1.52127,False,False,True,False,False,-4.684798,0.0,-1,0,,quality_limited,risk,Is this area crowded or blocked?,critical,3.0,2.8,0.72,0.211009,-106.61179,29.363684,9.2429,0.846077,0.65,0.476041,0.532161,0.4,0.812149,0.045688,0.952082,0.4,0.1235,0.060425,medium,good,0.0,False,3,314.918535,14.71635,0.190651,106.61179,-84.287967,10.62798,0.632715,0.96,False,0.111962,0.55,550000.0,False,0.203566,0.0,3072.0,True,4,True,99.518011,0.4,none
deadline_aware_greedy,0,2,ep0_attribute_damage_6,1,observe,2,0.188991,1.2,0.188991,0.703379,5.564266,2.691391,True,False,True,False,False,-3.374775,0.844055,2,0,2;3,feasible,attribute,What is the visible condition of the car objects in this area?,normal,1.2,4.0,0.62,0.188991,-105.205793,29.0298,7.905863,0.657956,0.9,1.619052,0.532161,0.4,1.455097,0.03553,1.942862,0.55,0.163,0.083828,medium,medium,0.0,False,3,250.00937,18.6622,0.306943,105.205793,-84.557643,10.087895,-1.213238,0.96,False,0.152958,1.6,1600000.0,False,0.095599,0.151692,4096.0,True,1,True,99.494608,0.4,none
deadline_aware_greedy,0,2,ep0_relation_person_vehicle_7,0,observe,3,0.194495,1.2,0.194495,0.499066,3.410939,0.964716,False,True,True,False,False,-3.024942,0.0,-1,0,,quality_limited,relation,Are people close to vehicles in this area?,normal,1.3,4.2,0.6,0.194495,-99.13714,34.973766,12.927839,0.607322,0.65,0.340351,0.532161,0.4,0.881105,0.032795,0.408421,0.4,0.1235,0.049294,medium,medium,0.0,False,3,232.812509,20.097831,0.35784,99.13714,-84.98843,16.579781,3.716438,0.96,False,0.0,0.55,550000.0,False,0.0,0.0,3072.0,True,4,True,99.479821,0.6,none
deadline_aware_greedy,0,3,ep0_image_required_2,0,observe,3,0.2,2.0,0.2,0.645658,3.496149,1.452327,False,False,True,False,False,-4.619386,0.0,-1,0,2,feasible,risk,Is this area crowded or blocked?,critical,2.0,3.2,0.74,0.2,-103.888525,32.319662,9.803636,0.577792,0.65,0.448813,0.562688,0.4,0.856855,0.031201,0.897626,0.4,0.1235,0.059047,medium,good,0.0,False,4,222.859141,21.037024,0.393057,103.888525,-82.951908,12.032838,-1.769368,0.96,False,0.111962,0.55,550000.0,False,0.203566,0.0,3072.0,True,4,True,99.31333,0.6,none
deadline_aware_greedy,0,3,ep0_infeasible_bad_channel_3,0,observe,3,0.205505,2.0,0.205505,0.288786,2.994754,0.919397,False,False,True,False,False,-4.414098,0.0,-1,-1,,quality_limited,risk,Is this area crowded or blocked?,critical,2.0,0.8,0.9,0.205505,-92.974128,43.116144,23.375591,0.359932,0.65,0.188231,0.562688,0.4,0.833903,0.019436,0.376461,0.4,0.1235,0.048388,bad,bad,0.0,False,4,152.282092,31.69119,0.780775,92.974128,-88.645893,28.528367,2.017175,0.96,False,0.0,0.55,550000.0,False,0.0,0.0,3072.0,True,4,True,99.323989,0.6,none
deadline_aware_greedy,0,3,ep0_critical_preempt_4,1,observe,3,0.211009,2.0,0.211009,0.645658,3.762444,1.649546,False,False,True,False,False,-4.715543,0.0,-1,0,,quality_limited,risk,Is this area crowded or blocked?,critical,3.0,2.8,0.72,0.211009,-106.541155,29.434319,8.12514,0.796077,0.65,0.541529,0.562688,0.4,0.812149,0.042988,1.083058,0.4,0.1235,0.062991,medium,good,0.0,False,4,297.544157,15.596897,0.213341,106.541155,-82.734317,9.162474,-0.043097,0.96,False,0.111962,0.55,550000.0,False,0.203566,0.0,3072.0,True,4,True,99.371192,0.4,none
deadline_aware_greedy,0,3,ep0_attribute_damage_6,1,observe,2,0.188991,1.2,0.188991,0.703379,5.637067,2.776331,True,False,True,False,False,-3.405717,0.844055,2,0,2;3,feasible,attribute,What is the visible condition of the car objects in this area?,normal,1.2,4.0,0.62,0.188991,-104.209519,30.026074,7.568688,0.628104,0.9,1.691178,0.562688,0.4,1.455097,0.033918,2.029414,0.55,0.163,0.085527,medium,medium,0.0,False,4,239.852095,19.483713,0.33559,104.209519,-83.051098,9.593897,-0.871069,0.96,False,0.152958,1.6,1600000.0,False,0.095599,0.149733,4096.0,True,1,True,99.348656,0.4,none
deadline_aware_greedy,0,3,ep0_relation_person_vehicle_7,0,observe,3,0.194495,1.2,0.194495,0.499066,3.414611,0.982142,False,True,True,False,False,-3.028474,0.0,-1,0,,quality_limited,relation,Are people close to vehicles in this area?,normal,1.3,4.2,0.6,0.194495,-98.342242,35.768664,12.331075,0.563995,0.65,0.356822,0.562688,0.4,0.881105,0.030456,0.428187,0.4,0.1235,0.049643,medium,medium,0.0,False,4,218.230374,21.505164,0.411062,98.342242,-83.38584,15.791531,3.414337,0.96,False,0.0,0.55,550000.0,False,0.0,0.0,3072.0,True,4,True,99.322734,0.6,none
deadline_aware_greedy,0,4,ep0_image_required_2,0,observe,3,0.2,2.0,0.2,0.645658,3.515825,1.51976,False,False,True,False,False,-4.63442,0.0,-1,0,2,feasible,risk,Is this area crowded or blocked?,critical,2.0,3.2,0.74,0.2,-103.168648,33.039539,9.102477,0.546107,0.65,0.483385,0.579479,0.4,0.856855,0.02949,0.96677,0.4,0.1235,0.060395,medium,good,0.0,False,5,212.252041,22.142436,0.43595,103.168648,-81.278073,11.091901,-1.901459,0.96,False,0.111962,0.55,550000.0,False,0.203566,0.0,3072.0,True,4,True,99.154904,0.6,none
deadline_aware_greedy,0,4,ep0_infeasible_bad_channel_3,0,observe,3,0.205505,2.0,0.205505,0.288786,2.955725,0.905057,False,False,True,False,False,-4.40219,0.0,-1,-1,,quality_limited,risk,Is this area crowded or blocked?,critical,2.0,0.8,0.9,0.205505,-91.146376,44.943896,24.121412,0.309932,0.65,0.182411,0.579479,0.4,0.833903,0.016736,0.364821,0.4,0.1235,0.048101,bad,bad,0.0,False,5,137.292075,35.640624,0.870129,91.146376,-87.700059,29.439939,2.050668,0.96,False,0.0,0.55,550000.0,False,0.0,0.0,3072.0,True,4,True,99.167198,0.6,none
deadline_aware_greedy,0,4,ep0_critical_preempt_4,1,observe,3,0.211009,2.0,0.211009,0.645658,3.771328,1.731034,False,False,True,False,False,-4.729987,0.0,-1,0,,quality_limited,risk,Is this area crowded or blocked?,critical,3.0,2.8,0.72,0.211009,-105.693824,30.28165,7.539111,0.746077,0.65,0.583623,0.579479,0.4,0.812149,0.040288,1.167246,0.4,0.1235,0.064621,medium,good,0.0,False,5,280.24876,16.586387,0.241114,105.693824,-81.084751,8.37315,-0.017888,0.96,False,0.111962,0.55,550000.0,False,0.203566,0.0,3072.0,True,4,True,99.221044,0.4,none
deadline_aware_greedy,0,4,ep0_attribute_damage_6,1,observe,2,0.188991,1.2,0.188991,0.703379,5.888447,3.088975,True,False,True,False,False,-3.515458,0.844055,2,0,2;3,feasible,attribute,What is the visible condition of the car objects in this area?,normal,1.2,4.0,0.62,0.188991,-104.08379,30.151803,6.554231,0.600934,0.9,1.952937,0.579479,0.4,1.455097,0.03245,2.343524,0.55,0.163,0.091779,medium,medium,0.0,False,5,230.654222,20.294128,0.365089,104.08379,-81.389412,8.070457,-1.38444,0.96,False,0.152958,1.6,1600000.0,False,0.095599,0.143341,4096.0,True,1,True,99.193886,0.4,none
deadline_aware_greedy,0,4,ep0_relation_person_vehicle_7,0,observe,3,0.194495,1.2,0.194495,0.499066,3.398266,0.990664,False,True,True,False,False,-3.025666,0.0,-1,0,,quality_limited,relation,Are people close to vehicles in this area?,normal,1.3,4.2,0.6,0.194495,-97.087181,37.023725,12.027778,0.521863,0.65,0.36582,0.579479,0.4,0.881105,0.028181,0.438984,0.4,0.1235,0.049813,medium,medium,0.0,False,5,204.19434,23.065528,0.472548,97.087181,-81.714822,15.38954,3.480851,0.96,False,0.0,0.55,550000.0,False,0.0,0.0,3072.0,True,4,True,99.165486,0.6,none
deadline_aware_greedy,0,5,ep0_image_required_2,0,observe,3,0.2,2.0,0.2,0.645658,3.513332,1.552322,False,False,True,False,False,-4.638681,0.0,-1,0,2,feasible,risk,Is this area crowded or blocked?,critical,2.0,3.2,0.74,0.2,-101.877802,34.330386,8.792205,0.517321,0.65,0.500443,0.588713,0.4,0.856855,0.027935,1.000887,0.4,0.1235,0.061046,medium,good,0.0,False,6,202.691048,23.246602,0.479774,101.877802,-79.557193,10.670951,-1.445408,0.96,False,0.111962,0.55,550000.0,False,0.203566,0.0,3072.0,True,4,True,98.995944,0.6,none
deadline_aware_greedy,0,5,ep0_infeasible_bad_channel_3,0,observe,3,0.205505,2.0,0.205505,0.288786,2.911152,0.894742,False,False,True,False,False,-4.389499,0.0,-1,-1,,quality_limited,risk,Is this area crowded or blocked?,critical,2.0,0.8,0.9,0.205505,-89.323064,46.767209,24.635674,0.259932,0.65,0.178603,0.588713,0.4,0.833903,0.014036,0.357206,0.4,0.1235,0.047895,bad,bad,0.0,False,6,123.111301,40.527918,0.93608,89.323064,-86.475006,30.06836,2.238774,0.96,False,0.0,0.55,550000.0,False,0.0,0.0,3072.0,True,4,True,99.009095,0.6,none
deadline_aware_greedy,0,5,ep0_critical_preempt_4,1,observe,3,0.211009,2.0,0.211009,0.645658,3.739173,1.745555,False,False,True,False,False,-4.724126,0.0,-1,0,,quality_limited,risk,Is this area crowded or blocked?,critical,3.0,2.8,0.72,0.211009,-104.145012,31.830462,7.429504,0.696077,0.65,0.592233,0.588713,0.4,0.812149,0.037588,1.184467,0.4,0.1235,0.064911,medium,good,0.0,False,6,263.047922,17.705656,0.275379,104.145012,-79.377243,8.223561,0.617342,0.96,False,0.111962,0.55,550000.0,False,0.203566,0.0,3072.0,True,4,True,99.064354,0.4,none
deadline_aware_greedy,0,5,ep0_attribute_damage_6,1,observe,2,0.188991,1.2,0.188991,0.703379,5.894961,3.113337,True,False,True,False,False,-3.520741,0.844055,2,0,2;3,feasible,attribute,What is the visible condition of the car objects in this area?,normal,1.2,4.0,0.62,0.188991,-102.500359,31.735234,6.483233,0.576827,0.9,1.974324,0.588713,0.4,1.455097,0.031149,2.369188,0.55,0.163,0.092267,medium,medium,0.0,False,6,222.534744,21.06915,0.394284,102.500359,-79.688134,7.961336,-0.406162,0.96,False,0.152958,1.6,1600000.0,False,0.095599,0.143182,4096.0,True,1,True,99.036998,0.4,none
deadline_aware_greedy,0,5,ep0_relation_person_vehicle_7,0,observe,3,0.194495,1.2,0.194495,0.499066,3.384371,1.009463,False,True,True,False,False,-3.025012,0.0,-1,0,,quality_limited,relation,Are people close to vehicles in this area?,normal,1.3,4.2,0.6,0.194495,-96.046916,38.063991,11.478866,0.481239,0.65,0.383313,0.588713,0.4,0.881105,0.025987,0.459976,0.4,0.1235,0.050189,medium,medium,0.0,False,6,190.824947,24.786135,0.54125,96.046916,-79.934249,14.659271,3.255804,0.96,False,0.0,0.55,550000.0,False,0.0,0.0,3072.0,True,4,True,99.006801,0.6,none
deadline_aware_greedy,1,0,ep1_cache_feasible_0,1,reuse_cache,0,0.121758,1.2,0.121758,0.667256,0.683693,0.01,True,True,True,False,True,3.827077,0.667256,0,0,0;1;2;3,feasible,presence,Are there car objects in this area?,normal,1.0,3.0,0.58,0.121758,-101.172061,34.972966,16.904264,0.0,0.0,0.0,0.253693,0.4,0.03,0.0,0.0,0.0,0.01,0.0077,good,good,0.0,True,1,181.383571,26.171168,0.595556,101.172061,-120.0,34.826492,-2.842911,0.96,True,0.0,0.01,10000.0,False,0.0,0.975959,256.0,True,1,True,99.9923,0.5,none
deadline_aware_greedy,1,0,ep1_light_feasible_1,1,observe,1,0.117435,1.2,0.117435,0.515592,2.46266,0.591839,False,True,True,False,False,-2.713441,0.0,1,0,1;2;3,feasible,counting,How many car objects are in this area?,normal,1.0,3.5,0.55,0.117435,-108.073412,28.228606,6.237231,0.801715,0.35,0.230872,0.253693,0.06,0.76638,0.043293,0.277046,0.2,0.0715,0.041837,medium,good,0.0,False,1,299.499583,15.492499,0.210552,108.073412,-90.534286,13.116737,-1.487659,0.68,False,0.081467,0.18,180000.0,False,0.452593,0.0,1536.0,True,1,True,99.958163,0.5,none
deadline_aware_greedy,1,0,ep1_image_required_2,0,observe,2,0.128242,2.0,0.128242,0.777995,5.272555,3.356969,True,False,True,False,False,-3.401684,1.55599,2,0,2,feasible,risk,Is this area crowded or blocked?,critical,2.0,3.2,0.74,0.128242,-104.557591,33.580592,9.82001,0.686061,0.9,1.303461,0.253693,0.4,1.72934,0.037047,2.606922,0.55,0.163,0.097139,good,good,0.0,False,1,259.6151,17.947685,0.283173,104.557591,-90.863825,19.156811,0.009108,0.28,False,0.521045,1.6,1600000.0,False,0.325653,0.295111,4096.0,True,4,True,99.902861,0.5,none
deadline_aware_greedy,1,0,ep1_infeasible_bad_channel_3,0,observe,3,0.130403,2.0,0.130403,0.285287,3.6714,1.248886,False,False,True,False,False,-4.632683,0.0,-1,0,,quality_limited,risk,Is this area crowded or blocked?,critical,2.0,0.8,0.9,0.130403,-100.887796,37.1778,12.610161,0.509932,0.65,0.348925,0.253693,0.4,1.50885,0.027536,0.69785,0.4,0.1235,0.054978,bad,bad,0.0,False,1,200.249844,23.546983,0.491779,100.887796,-92.346176,24.241961,-0.679219,0.28,False,0.061773,0.55,550000.0,False,0.112315,0.0,3072.0,True,2,True,99.945022,0.5,none
deadline_aware_greedy,1,0,ep1_critical_preempt_4,1,observe,2,0.132565,2.0,0.132565,0.777995,5.70909,3.83683,True,False,True,False,False,-3.582797,2.333985,2,0,3,feasible,risk,Is this area crowded or blocked?,critical,3.0,2.8,0.72,0.132565,-107.590066,30.404138,8.331322,0.946077,0.9,1.536371,0.253693,0.4,1.672949,0.051088,3.072742,0.55,0.163,0.106737,good,good,0.0,False,1,349.857114,13.218475,0.156375,107.590066,-90.376595,15.64904,0.968151,0.28,False,0.521045,1.6,1600000.0,False,0.325653,0.408819,4096.0,True,4,True,99.893263,0.5,none
deadline_aware_greedy,1,0,ep1_normal_competing_5,0,observe,2,0.119597,1.2,0.119597,0.619536,5.860513,2.875556,True,False,True,False,False,-3.476462,0.619536,2,0,2;3,feasible,counting,How many car objects are in this area?,normal,1.0,3.5,0.52,0.119597,-106.207256,30.015557,7.225572,0.680981,0.9,1.771486,0.253693,0.4,1.854353,0.036773,2.125783,0.55,0.163,0.087511,medium,medium,0.0,False,1,257.875939,18.072893,0.287257,106.207256,-90.576546,15.021358,-1.741535,0.68,False,0.185411,1.6,1600000.0,False,0.115882,0.105714,4096.0,True,4,True,99.912489,0.5,none
deadline_aware_greedy,1,0,ep1_attribute_damage_6,1,observe,2,0.123919,1.2,0.123919,0.697578,5.615344,2.609269,True,False,True,False,False,-3.375226,0.837094,2,0,2;3,feasible,attribute,What is the visible condition of the car objects in this area?,normal,1.2,4.0,0.62,0.123919,-104.595092,31.473518,8.270719,0.724356,0.9,1.547628,0.253693,0.4,1.789666,0.039115,1.857154,0.55,0.163,0.082185,medium,medium,0.0,False,1,272.763634,17.05528,0.255107,104.595092,-90.598781,16.650059,0.69625,0.68,False,0.287331,1.6,1600000.0,False,0.179582,0.149073,4096.0,True,4,True,99.917815,0.5,none
deadline_aware_greedy,1,0,ep1_relation_person_vehicle_7,0,observe,3,0.126081,1.2,0.126081,0.525667,4.100451,1.208535,False,True,True,False,False,-3.233893,0.0,-1,0,,quality_limited,relation,Are people close to vehicles in this area?,normal,1.3,4.2,0.6,0.126081,-105.019774,30.97374,8.155509,0.696663,0.65,0.539513,0.253693,0.4,1.560582,0.03762,0.647415,0.4,0.1235,0.054171,medium,medium,0.0,False,1,263.248932,17.691689,0.274934,105.019774,-90.494376,16.121935,-0.24611,0.28,False,0.27836,0.55,550000.0,False,0.506109,0.0,3072.0,True,2,True,99.945829,0.5,none
deadline_aware_greedy,1,1,ep1_light_feasible_1,1,reuse_cache,0,0.137218,1.2,0.137218,0.569817,0.839531,0.01,True,True,True,False,True,3.788117,0.569817,0,0,0;1;2;3,feasible,counting,How many car objects are in this area?,normal,1.0,3.5,0.55,0.137218,-107.152306,28.473582,15.507132,0.0,0.0,0.0,0.409531,0.4,0.03,0.0,0.0,0.0,0.01,0.0077,good,good,0.0,True,2,289.753068,16.027409,0.22513,107.152306,-120.0,28.343366,-1.013857,0.96,True,0.0,0.01,10000.0,False,0.0,0.678733,256.0,True,1,True,99.753841,0.428571,none
deadline_aware_greedy,1,1,ep1_image_required_2,0,observe,2,0.145677,2.0,0.145677,0.775352,5.079695,2.937348,True,False,True,False,False,-3.290526,1.550704,2,0,2,feasible,risk,Is this area crowded or blocked?,critical,2.0,3.2,0.74,0.145677,-102.707803,34.876784,11.692974,0.648126,0.9,1.094674,0.409531,0.4,1.627364,0.034999,2.189349,0.55,0.163,0.088747,good,good,0.0,False,2,246.659142,18.925244,0.315968,102.707803,-89.937559,20.093247,1.074627,0.96,False,0.244401,1.6,1600000.0,False,0.152751,0.305275,4096.0,True,3,True,99.617454,0.571429,none
deadline_aware_greedy,1,1,ep1_infeasible_bad_channel_3,0,observe,3,0.148496,2.0,0.148496,0.288786,3.548143,1.155671,False,False,True,False,False,-4.587886,0.0,-1,-1,,quality_limited,risk,Is this area crowded or blocked?,critical,2.0,0.8,0.9,0.148496,-99.783934,37.717399,14.489539,0.459932,0.65,0.303667,0.409531,0.4,1.325012,0.024836,0.607335,0.4,0.1235,0.053113,bad,bad,0.0,False,2,183.88931,25.788114,0.580711,99.783934,-91.44589,24.462015,-1.190093,0.96,False,0.0,0.55,550000.0,False,0.0,0.0,3072.0,True,2,True,99.653088,0.571429,none
deadline_aware_greedy,1,1,ep1_critical_preempt_4,1,observe,2,0.151316,2.0,0.151316,0.775352,5.546409,3.509557,True,False,True,False,False,-3.493036,2.326056,2,0,,deadline_limited,risk,Is this area crowded or blocked?,critical,3.0,2.8,0.72,0.151316,-106.720425,30.69922,9.315294,0.896077,0.9,1.374084,0.409531,0.4,1.566717,0.048388,2.748169,0.55,0.163,0.100191,good,good,0.0,False,2,332.359507,13.928048,0.171943,106.720425,-89.155276,15.317513,1.207463,0.96,False,0.244401,1.6,1600000.0,False,0.152751,0.419381,4096.0,True,3,True,99.66135,0.428571,none
deadline_aware_greedy,1,1,ep1_normal_competing_5,0,reuse_cache,0,0.134398,1.2,0.134398,0.575649,0.839531,0.01,True,True,True,False,True,3.788117,0.575649,0,0,0;1;2;3,feasible,counting,How many car objects are in this area?,normal,1.0,3.5,0.52,0.134398,-107.594501,28.121555,14.99874,0.0,0.0,0.0,0.409531,0.4,0.03,0.0,0.0,0.0,0.01,0.0077,medium,medium,0.0,True,2,271.057083,17.16598,0.258487,107.594501,-120.0,27.988648,-2.393547,0.96,True,0.0,0.01,10000.0,False,0.0,0.685679,256.0,True,1,True,99.698501,0.571429,none
deadline_aware_greedy,1,1,ep1_attribute_damage_6,1,observe,2,0.140038,1.2,0.140038,0.703379,5.511085,2.452485,True,False,True,False,False,-3.325644,0.844055,2,0,2;3,feasible,attribute,What is the visible condition of the car objects in this area?,normal,1.2,4.0,0.62,0.140038,-104.002976,31.534577,9.023524,0.690144,0.9,1.418515,0.409531,0.4,1.692895,0.037268,1.702218,0.55,0.163,0.07905,medium,medium,0.0,False,2,261.014066,17.848243,0.279955,104.002976,-89.394095,16.058089,0.644036,0.96,False,0.152958,1.6,1600000.0,False,0.095599,0.153156,4096.0,True,3,True,99.682491,0.428571,none
deadline_aware_greedy,1,1,ep1_relation_person_vehicle_7,0,observe,3,0.142857,1.2,0.142857,0.499066,3.961753,1.126648,False,True,True,False,False,-3.186935,0.0,-1,0,,quality_limited,relation,Are people close to vehicles in this area?,normal,1.3,4.2,0.6,0.142857,-103.787245,31.663736,9.296409,0.651606,0.65,0.473301,0.409531,0.4,1.377315,0.035187,0.567961,0.4,0.1235,0.052533,medium,medium,0.0,False,2,247.844371,18.831325,0.312729,103.787245,-89.343435,16.222139,0.070135,0.96,False,0.0,0.55,550000.0,False,0.0,0.0,3072.0,True,2,True,99.653668,0.571429,none
deadline_aware_greedy,1,2,ep1_image_required_2,0,observe,2,0.2,2.0,0.2,0.775352,4.543073,2.64716,True,False,True,False,False,-3.112842,1.550704,2,0,2,feasible,risk,Is this area crowded or blocked?,critical,2.0,3.2,0.74,0.2,-102.51742,33.690767,13.465779,0.611928,0.9,0.950558,0.495242,0.4,1.185345,0.033044,1.901115,0.55,0.163,0.082943,good,good,0.0,False,3,234.370357,19.958541,0.352735,102.51742,-86.397123,16.800216,0.445821,0.96,False,0.244401,1.6,1600000.0,False,0.152751,0.341334,4096.0,True,3,True,99.421165,0.6,none
deadline_aware_greedy,1,2,ep1_infeasible_bad_channel_3,0,observe,3,0.205505,2.0,0.205505,0.288786,3.125945,0.972288,False,False,True,False,False,-4.454829,0.0,-1,-1,,quality_limited,risk,Is this area crowded or blocked?,critical,2.0,0.8,0.9,0.205505,-97.023166,39.067106,20.625714,0.409932,0.65,0.213326,0.495242,0.4,0.957445,0.022136,0.426652,0.4,0.1235,0.049446,bad,bad,0.0,False,3,167.864698,28.461902,0.679941,97.023166,-89.357877,25.164494,-0.193528,0.96,False,0.0,0.55,550000.0,False,0.0,0.0,3072.0,True,2,True,99.454662,0.6,none
deadline_aware_greedy,1,2,ep1_critical_preempt_4,1,observe,2,0.211009,2.0,0.211009,0.688734,4.865648,2.960345,False,False,True,False,False,-5.240464,0.0,2,0,,deadline_limited,risk,Is this area crowded or blocked?,critical,3.0,2.8,0.72,0.211009,-105.229793,30.745681,11.627607,0.846077,0.9,1.100828,0.495242,0.4,1.123501,0.045688,2.201657,0.55,0.163,0.089207,medium,good,0.0,False,3,314.918535,14.71635,0.190651,105.229793,-85.944467,13.639578,2.014712,0.96,False,0.155038,1.6,1600000.0,False,0.096898,0.0,4096.0,True,3,True,99.485393,0.4,none
deadline_aware_greedy,1,2,ep1_attribute_damage_6,1,observe,2,0.188991,1.2,0.188991,0.703379,4.947648,2.236596,True,False,True,False,False,-3.152402,0.844055,2,0,2;3,feasible,attribute,What is the visible condition of the car objects in this area?,normal,1.2,4.0,0.62,0.188991,-103.395976,30.839617,10.322117,0.657956,0.9,1.240056,0.495242,0.4,1.254394,0.03553,1.488067,0.55,0.163,0.074732,medium,medium,0.0,False,3,250.00937,18.6622,0.306943,103.395976,-86.197128,13.511858,0.59658,0.96,False,0.152958,1.6,1600000.0,False,0.095599,0.170597,4096.0,True,3,True,99.499868,0.4,none
deadline_aware_greedy,1,2,ep1_relation_person_vehicle_7,0,observe,3,0.194495,1.2,0.194495,0.499066,3.557692,1.028481,False,True,True,False,False,-3.071195,0.0,-1,0,,quality_limited,relation,Are people close to vehicles in this area?,normal,1.3,4.2,0.6,0.194495,-102.605313,31.505593,11.182043,0.607322,0.65,0.393488,0.495242,0.4,1.01164,0.032795,0.472186,0.4,0.1235,0.05057,medium,medium,0.0,False,3,232.812509,20.097831,0.35784,102.605313,-86.158946,14.262722,0.248265,0.96,False,0.0,0.55,550000.0,False,0.0,0.0,3072.0,True,2,True,99.453538,0.6,none
deadline_aware_greedy,1,3,ep1_image_required_2,0,observe,2,0.2,2.0,0.2,0.775352,4.647321,2.652196,True,False,True,False,False,-3.13966,1.550704,2,0,2,feasible,risk,Is this area crowded or blocked?,critical,2.0,3.2,0.74,0.2,-101.44046,34.767728,13.417227,0.577792,0.9,0.953997,0.542383,0.4,1.273148,0.031201,1.907995,0.55,0.163,0.083044,good,good,0.0,False,4,222.859141,21.037024,0.393057,101.44046,-85.237102,16.738036,0.678698,0.96,False,0.244401,1.6,1600000.0,False,0.152751,0.333677,4096.0,True,2,True,99.238105,0.6,none
deadline_aware_greedy,1,3,ep1_infeasible_bad_channel_3,0,observe,3,0.205505,2.0,0.205505,0.288786,3.050002,0.955482,False,False,True,False,False,-4.433323,0.0,-1,-1,,quality_limited,risk,Is this area crowded or blocked?,critical,2.0,0.8,0.9,0.205505,-95.543856,40.546417,21.330985,0.359932,0.65,0.206273,0.542383,0.4,0.891414,0.019436,0.412545,0.4,0.1235,0.04911,bad,bad,0.0,False,4,152.282092,31.69119,0.780775,95.543856,-88.717557,26.027791,-0.552553,0.96,False,0.0,0.55,550000.0,False,0.0,0.0,3072.0,True,3,True,99.272039,0.6,none
deadline_aware_greedy,1,3,ep1_critical_preempt_4,1,observe,3,0.211009,2.0,0.211009,0.645658,3.659039,1.371327,False,False,True,False,False,-4.647959,0.0,-1,0,,quality_limited,risk,Is this area crowded or blocked?,critical,3.0,2.8,0.72,0.211009,-104.893263,31.082211,10.933869,0.796077,0.65,0.402419,0.542383,0.4,0.86816,0.042988,0.804839,0.4,0.1235,0.057427,medium,good,0.0,False,4,297.544157,15.596897,0.213341,104.893263,-84.722937,12.77536,1.604796,0.96,False,0.111962,0.55,550000.0,False,0.203566,0.0,3072.0,True,3,True,99.353234,0.4,none
deadline_aware_greedy,1,3,ep1_attribute_damage_6,1,observe,2,0.188991,1.2,0.188991,0.703379,5.182362,2.384393,True,False,True,False,False,-3.23325,0.844055,2,0,2;3,feasible,attribute,What is the visible condition of the car objects in this area?,normal,1.2,4.0,0.62,0.188991,-103.498011,30.737582,9.380291,0.628104,0.9,1.364563,0.542383,0.4,1.347312,0.033918,1.637476,0.55,0.163,0.077688,medium,medium,0.0,False,4,239.852095,19.483713,0.33559,103.498011,-84.9641,12.196702,-0.159562,0.96,False,0.152958,1.6,1600000.0,False,0.095599,0.162871,4096.0,True,2,True,99.332973,0.4,none
deadline_aware_greedy,1,3,ep1_relation_person_vehicle_7,0,observe,3,0.194495,1.2,0.194495,0.499066,3.505196,1.042291,False,True,True,False,False,-3.060143,0.0,-1,0,,quality_limited,relation,Are people close to vehicles in this area?,normal,1.3,4.2,0.6,0.194495,-101.931093,32.179813,10.812235,0.563995,0.65,0.406946,0.542383,0.4,0.941871,0.030456,0.488336,0.4,0.1235,0.050846,medium,medium,0.0,False,4,218.230374,21.505164,0.411062,101.931093,-84.969136,13.766813,-0.174515,0.96,False,0.0,0.55,550000.0,False,0.0,0.0,3072.0,True,3,True,99.270303,0.6,none
deadline_aware_greedy,1,4,ep1_image_required_2,0,observe,2,0.2,2.0,0.2,0.775352,4.701709,2.770777,True,False,True,False,False,-3.171044,1.550704,2,0,2,feasible,risk,Is this area crowded or blocked?,critical,2.0,3.2,0.74,0.2,-100.698562,35.509625,12.621484,0.546107,0.9,1.014144,0.568311,0.4,1.273148,0.02949,2.028288,0.55,0.163,0.085416,good,good,0.0,False,5,212.252041,22.142436,0.43595,100.698562,-83.450143,15.716096,0.568627,0.96,False,0.244401,1.6,1600000.0,False,0.152751,0.329817,4096.0,True,2,True,99.052733,0.6,none
deadline_aware_greedy,1,4,ep1_infeasible_bad_channel_3,0,observe,3,0.205505,2.0,0.205505,0.288786,3.018648,0.938218,False,False,True,False,False,-4.422895,0.0,-1,-1,,quality_limited,risk,Is this area crowded or blocked?,critical,2.0,0.8,0.9,0.205505,-93.586463,42.503809,22.111596,0.309932,0.65,0.198991,0.568311,0.4,0.891414,0.016736,0.397981,0.4,0.1235,0.048764,bad,bad,0.0,False,5,137.292075,35.640624,0.870129,93.586463,-87.682528,26.982814,-0.38942,0.96,False,0.0,0.55,550000.0,False,0.0,0.0,3072.0,True,3,True,99.089385,0.6,none
deadline_aware_greedy,1,4,ep1_critical_preempt_4,1,observe,3,0.211009,2.0,0.211009,0.645658,3.662546,1.423786,False,False,True,False,False,-4.656705,0.0,-1,0,,quality_limited,risk,Is this area crowded or blocked?,critical,3.0,2.8,0.72,0.211009,-104.097403,31.878071,10.232581,0.746077,0.65,0.429999,0.568311,0.4,0.86816,0.040288,0.859998,0.4,0.1235,0.058476,medium,good,0.0,False,5,280.24876,16.586387,0.241114,104.097403,-83.023751,11.89285,1.578533,0.96,False,0.111962,0.55,550000.0,False,0.203566,0.0,3072.0,True,3,True,99.21707,0.4,none
deadline_aware_greedy,1,4,ep1_attribute_damage_6,1,observe,2,0.188991,1.2,0.188991,0.703379,5.256411,2.473276,True,False,True,False,False,-3.265094,0.844055,2,0,2;3,feasible,attribute,What is the visible condition of the car objects in this area?,normal,1.2,4.0,0.62,0.188991,-102.538505,31.697088,8.889787,0.600934,0.9,1.439855,0.568311,0.4,1.347312,0.03245,1.727825,0.55,0.163,0.079466,medium,medium,0.0,False,5,230.654222,20.294128,0.365089,102.538505,-83.291487,11.503063,0.160846,0.96,False,0.152958,1.6,1600000.0,False,0.095599,0.160576,4096.0,True,2,True,99.19608,0.4,none
deadline_aware_greedy,1,4,ep1_relation_person_vehicle_7,0,observe,3,0.194495,1.2,0.194495,0.499066,3.484225,1.034297,False,True,True,False,False,-3.053701,0.0,-1,0,,quality_limited,relation,Are people close to vehicles in this area?,normal,1.3,4.2,0.6,0.194495,-100.157674,33.953232,10.940372,0.521863,0.65,0.40218,0.568311,0.4,0.941871,0.028181,0.482616,0.4,0.1235,0.050686,medium,medium,0.0,False,5,204.19434,23.065528,0.472548,100.157674,-83.348254,13.938889,0.410358,0.96,False,0.0,0.55,550000.0,False,0.0,0.0,3072.0,True,3,True,99.087463,0.6,none
deadline_aware_greedy,1,5,ep1_image_required_2,0,observe,2,0.2,2.0,0.2,0.775352,4.689029,2.772914,True,False,True,False,False,-3.168194,1.550704,2,0,2,feasible,risk,Is this area crowded or blocked?,critical,2.0,3.2,0.74,0.2,-99.528644,36.679544,12.59856,0.517321,0.9,1.015989,0.582571,0.4,1.273148,0.027935,2.031978,0.55,0.163,0.085458,good,good,0.0,False,6,202.691048,23.246602,0.479774,99.528644,-82.239605,15.68657,0.90375,0.96,False,0.244401,1.6,1600000.0,False,0.152751,0.330709,4096.0,True,2,True,98.867825,0.6,none
deadline_aware_greedy,1,5,ep1_infeasible_bad_channel_3,0,observe,3,0.205505,2.0,0.205505,0.288786,2.976969,0.92364,False,False,True,False,False,-4.410288,0.0,-1,-1,,quality_limited,risk,Is this area crowded or blocked?,critical,2.0,0.8,0.9,0.205505,-92.132288,43.957985,22.791788,0.259932,0.65,0.193052,0.582571,0.4,0.891414,0.014036,0.386104,0.4,0.1235,0.048473,bad,bad,0.0,False,6,123.111301,40.527918,0.93608,92.132288,-87.043473,27.814634,-0.57045,0.96,False,0.0,0.55,550000.0,False,0.0,0.0,3072.0,True,3,True,98.90481,0.6,none
deadline_aware_greedy,1,5,ep1_critical_preempt_4,1,observe,3,0.211009,2.0,0.211009,0.645658,3.664072,1.495616,False,False,True,False,False,-4.66786,0.0,-1,0,,quality_limited,risk,Is this area crowded or blocked?,critical,3.0,2.8,0.72,0.211009,-103.884295,32.091179,9.416516,0.696077,0.65,0.467264,0.582571,0.4,0.86816,0.037588,0.934528,0.4,0.1235,0.059912,medium,good,0.0,False,6,263.047922,17.705656,0.275379,103.884295,-81.758557,10.851791,0.87806,0.96,False,0.111962,0.55,550000.0,False,0.203566,0.0,3072.0,True,3,True,99.077692,0.4,none
deadline_aware_greedy,1,5,ep1_attribute_damage_6,1,observe,2,0.188991,1.2,0.188991,0.703379,5.292342,2.526907,True,False,True,False,False,-3.282122,0.844055,2,0,2;3,feasible,attribute,What is the visible condition of the car objects in this area?,normal,1.2,4.0,0.62,0.188991,-101.718108,32.517484,8.61586,0.576827,0.9,1.485632,0.582571,0.4,1.347312,0.031149,1.782759,0.55,0.163,0.080538,medium,medium,0.0,False,6,222.534744,21.06915,0.394284,101.718108,-82.070388,11.112551,0.376089,0.96,False,0.152958,1.6,1600000.0,False,0.095599,0.159486,4096.0,True,2,True,99.057066,0.4,none
deadline_aware_greedy,1,5,ep1_relation_person_vehicle_7,0,observe,3,0.194495,1.2,0.194495,0.499066,3.499441,1.081999,False,True,True,False,False,-3.06466,0.0,-1,0,,quality_limited,relation,Are people close to vehicles in this area?,normal,1.3,4.2,0.6,0.194495,-100.244776,33.86613,9.915262,0.481239,0.65,0.44376,0.582571,0.4,0.941871,0.025987,0.532512,0.4,0.1235,0.05164,medium,medium,0.0,False,6,190.824947,24.786135,0.54125,100.244776,-82.039047,12.55386,-0.942056,0.96,False,0.0,0.55,550000.0,False,0.0,0.0,3072.0,True,3,True,98.901643,0.6,none
goal_oriented_priority,0,0,ep0_cache_feasible_0,1,reuse_cache,0,0.15,0.2,0.15,0.667256,0.805738,0.01,True,True,True,False,True,3.796566,0.667256,0,0,0;1;2;3,feasible,presence,Are there car objects in this area?,normal,1.0,3.0,0.58,0.05,-97.814468,29.643107,17.656587,0.0,0.0,0.0,0.375738,0.4,0.03,0.0,0.0,0.0,0.01,0.0077,good,good,0.0,True,1,181.383571,26.171168,0.595556,97.814468,-120.0,29.523836,0.514682,0.96,True,0.0,0.01,10000.0,False,0.0,0.828131,256.0,True,1,True,99.9923,0.5,none
goal_oriented_priority,0,0,ep0_light_feasible_1,1,reuse_cache,0,0.0,0.2,0.0,0.433986,0.805738,0.01,False,True,True,False,False,-2.203434,0.0,1,0,1;2;3,feasible,counting,How many car objects are in this area?,normal,1.0,3.5,0.55,0.125,-104.629257,85.381043,1.3e-05,0.0,0.0,0.0,0.375738,0.4,0.03,0.0,0.0,0.0,0.01,0.0077,good,good,0.0,False,1,299.499583,15.492499,0.210552,104.629257,-120.0,38.380956,1.956496,0.68,True,0.0,0.01,10000.0,False,0.0,0.0,256.0,True,1,True,99.9923,0.5,none
goal_oriented_priority,0,0,ep0_image_required_2,0,observe,2,0.6,1.2,0.6,0.777995,3.124904,1.054663,True,True,True,False,True,6.980575,1.55599,2,0,2,feasible,risk,Is this area crowded or blocked?,critical,2.0,3.2,0.74,0.5,-106.523875,22.694613,50.424192,0.686061,0.9,0.253846,0.375738,0.4,0.509259,0.037047,0.304616,0.55,0.163,0.051093,good,good,0.0,True,1,259.6151,17.947685,0.283173,106.523875,-101.790049,21.048231,-1.957176,0.28,False,0.521045,1.6,1600000.0,False,0.325653,0.497932,4096.0,True,2,True,99.948907,0.5,none
goal_oriented_priority,0,0,ep0_infeasible_bad_channel_3,0,reuse_cache,0,0.0,0.2,0.0,0.223514,0.805738,0.01,False,False,True,False,False,-3.703434,0.0,-1,-1,,quality_limited,risk,Is this area crowded or blocked?,critical,2.0,0.8,0.9,0.0,-98.443599,91.566701,1.5e-05,0.0,0.0,0.0,0.375738,0.4,0.03,0.0,0.0,0.0,0.01,0.0077,bad,bad,0.0,False,1,200.249844,23.546983,0.491779,98.443599,-120.0,44.566614,1.764978,0.28,False,0.0,0.01,10000.0,False,0.0,0.0,256.0,True,1,True,99.9923,0.5,none
goal_oriented_priority,0,0,ep0_critical_preempt_4,1,reuse_cache,0,0.0,0.2,0.0,0.25695,0.805738,0.01,False,True,True,False,False,-2.203434,0.0,2,0,,deadline_limited,risk,Is this area crowded or blocked?,critical,3.0,2.8,0.72,0.0,-108.085039,81.925261,1.2e-05,0.0,0.0,0.0,0.375738,0.4,0.03,0.0,0.0,0.0,0.01,0.0077,good,good,0.0,False,1,349.857114,13.218475,0.156375,108.085039,-120.0,34.925175,0.473178,0.28,False,0.0,0.01,10000.0,False,0.0,0.0,256.0,True,1,True,99.9923,0.5,none
goal_oriented_priority,0,0,ep0_normal_competing_5,0,reuse_cache,0,0.0,0.2,0.0,0.434125,0.805738,0.01,False,True,True,False,False,-2.203434,0.0,2,0,2;3,feasible,counting,How many car objects are in this area?,normal,1.0,3.5,0.52,0.025,-101.650499,88.359801,1.4e-05,0.0,0.0,0.0,0.375738,0.4,0.03,0.0,0.0,0.0,0.01,0.0077,medium,medium,0.0,False,1,257.875939,18.072893,0.287257,101.650499,-120.0,41.359715,2.815222,0.68,True,0.0,0.01,10000.0,False,0.0,0.0,256.0,True,1,True,99.9923,0.5,none
goal_oriented_priority,0,0,ep0_attribute_damage_6,1,observe,2,0.25,0.6,0.25,0.697578,3.949548,1.172528,True,True,True,False,True,3.556734,0.837094,2,0,2;3,feasible,attribute,What is the visible condition of the car objects in this area?,normal,1.2,4.0,0.62,0.3,-106.627345,23.382955,18.267748,0.724356,0.9,0.700688,0.375738,0.4,0.848765,0.039115,0.420413,0.55,0.163,0.053451,medium,medium,0.0,True,1,272.763634,17.05528,0.255107,106.627345,-98.709973,18.266206,-1.336002,0.68,False,0.287331,1.6,1600000.0,False,0.179582,0.211947,4096.0,True,2,True,99.946549,0.5,none
goal_oriented_priority,0,0,ep0_relation_person_vehicle_7,0,reuse_cache,0,0.0,0.2,0.0,0.247307,0.805738,0.01,False,True,True,False,False,-2.203434,0.0,-1,0,,quality_limited,relation,Are people close to vehicles in this area?,normal,1.3,4.2,0.6,0.0,-100.911697,89.098603,1.4e-05,0.0,0.0,0.0,0.375738,0.4,0.03,0.0,0.0,0.0,0.01,0.0077,medium,medium,0.0,False,1,263.248932,17.691689,0.274934,100.911697,-120.0,42.098516,3.861966,0.28,False,0.0,0.01,10000.0,False,0.0,0.0,256.0,True,1,True,99.9923,0.5,none
goal_oriented_priority,0,1,ep0_light_feasible_1,1,observe,1,0.15,0.2,0.15,0.515592,2.481746,0.352027,False,True,True,False,False,-2.68224,0.0,1,0,1;2;3,feasible,counting,How many car objects are in this area?,normal,1.0,3.5,0.55,0.15,-103.953652,23.503923,7.847172,0.811584,0.35,0.183506,0.476656,0.06,0.6,0.043826,0.036701,0.2,0.0715,0.037041,medium,good,0.0,False,2,302.92487,15.312999,0.205817,103.953652,-94.245998,12.906636,2.78336,0.68,False,0.081467,0.18,180000.0,False,0.452593,0.0,1536.0,True,1,True,99.886408,0.4,none
goal_oriented_priority,0,1,ep0_infeasible_bad_channel_3,0,reuse_cache,0,0.2,0.2,0.2,0.223514,0.906656,0.01,False,False,True,False,False,-3.728664,0.0,-1,-1,,quality_limited,risk,Is this area crowded or blocked?,critical,2.0,0.8,0.9,0.2,-96.733718,29.474469,23.431322,0.0,0.0,0.0,0.476656,0.4,0.03,0.0,0.0,0.0,0.01,0.0077,bad,bad,0.0,False,2,187.903787,25.198133,0.557568,96.733718,-120.0,29.38471,2.274753,0.28,False,0.0,0.01,10000.0,False,0.0,0.0,256.0,True,1,True,99.918107,0.6,none
goal_oriented_priority,0,1,ep0_critical_preempt_4,1,observe,3,0.4,0.6,0.15,0.640926,4.06458,0.698498,False,False,True,False,False,-4.64842,0.0,2,0,,deadline_limited,risk,Is this area crowded or blocked?,critical,3.0,2.8,0.72,0.15,-108.125981,19.843119,20.990802,0.911642,0.65,0.209616,0.476656,0.4,1.416667,0.049229,0.125769,0.4,0.1235,0.04397,medium,good,0.0,False,2,337.800902,13.699277,0.166794,108.125981,-94.287406,12.949485,0.003409,0.28,False,0.382813,0.55,550000.0,False,0.696024,0.0,3072.0,False,1,True,99.879479,0.4,none
goal_oriented_priority,0,1,ep0_normal_competing_5,0,observe,2,0.15,2.0,0.25,0.619536,3.534756,2.124356,True,False,True,False,False,-2.782342,0.619536,2,0,2;3,feasible,counting,How many car objects are in this area?,normal,1.0,3.5,0.52,0.5,-102.372321,35.085254,18.631224,0.691082,0.9,0.687019,0.476656,0.06,0.72,0.037318,1.374037,0.55,0.163,0.072487,medium,medium,0.0,False,2,261.335366,17.825563,0.279224,102.372321,-102.769129,31.155324,2.293023,0.68,False,0.185411,1.6,1600000.0,False,0.115882,0.17527,4096.0,True,1,True,99.85332,0.6,none
goal_oriented_priority,0,1,ep0_relation_person_vehicle_7,0,reuse_cache,0,0.1,0.2,0.2,0.247307,0.906656,0.01,False,True,True,False,False,-2.228664,0.0,-1,0,,quality_limited,relation,Are people close to vehicles in this area?,normal,1.3,4.2,0.6,0.0,-100.847104,28.371384,11.241509,0.0,0.0,0.0,0.476656,0.4,0.03,0.0,0.0,0.0,0.01,0.0077,medium,medium,0.0,False,2,256.269216,18.190157,0.291114,100.847104,-120.0,28.193683,3.52419,0.28,False,0.0,0.01,10000.0,False,0.0,0.0,256.0,True,1,True,99.918107,0.6,none
goal_oriented_priority,0,2,ep0_light_feasible_1,1,reuse_cache,0,0.15,0.2,0.15,0.569817,0.954286,0.01,True,True,True,False,True,3.759429,0.569817,0,0,0;1;2;3,feasible,counting,How many car objects are in this area?,normal,1.0,3.5,0.55,0.05,-104.144492,23.313082,13.881089,0.0,0.0,0.0,0.524286,0.4,0.03,0.0,0.0,0.0,0.01,0.0077,good,good,0.0,True,3,293.483691,15.818299,0.219347,104.144492,-120.0,23.193811,2.168233,0.96,True,0.0,0.01,10000.0,False,0.0,0.597114,256.0,True,1,True,99.834738,0.4,none
goal_oriented_priority,0,2,ep0_infeasible_bad_channel_3,0,reuse_cache,0,0.2,0.2,0.2,0.223514,0.954286,0.01,False,False,True,False,False,-3.740571,0.0,-1,-1,,quality_limited,risk,Is this area crowded or blocked?,critical,2.0,0.8,0.9,0.2,-98.248239,27.959948,22.225513,0.0,0.0,0.0,0.524286,0.4,0.03,0.0,0.0,0.0,0.01,0.0077,bad,bad,0.0,False,3,201.87607,23.345999,0.483745,98.248239,-120.0,27.870189,2.109925,0.28,False,0.0,0.01,10000.0,False,0.0,0.0,256.0,True,1,True,99.83022,0.6,none
goal_oriented_priority,0,2,ep0_critical_preempt_4,1,reuse_cache,0,0.2,0.2,0.2,0.530951,0.954286,0.01,False,True,True,False,False,-2.240571,0.0,-1,0,,quality_limited,risk,Is this area crowded or blocked?,critical,3.0,2.8,0.72,0.2,-106.830774,19.377413,15.417886,0.0,0.0,0.0,0.524286,0.4,0.03,0.0,0.0,0.0,0.01,0.0077,good,good,0.0,False,3,320.341329,14.46175,0.184444,106.830774,-120.0,19.287654,0.632715,0.96,True,0.0,0.01,10000.0,False,0.0,0.0,256.0,True,1,True,99.834738,0.4,none
goal_oriented_priority,0,2,ep0_normal_competing_5,0,reuse_cache,0,0.15,0.2,0.15,0.575649,0.954286,0.01,True,True,True,False,True,3.759429,0.575649,0,0,0;1;2;3,feasible,counting,How many car objects are in this area?,normal,1.0,3.5,0.52,0.05,-101.655502,25.802073,15.363964,0.0,0.0,0.0,0.524286,0.4,0.03,0.0,0.0,0.0,0.01,0.0077,medium,medium,0.0,True,3,244.261652,19.118176,0.322677,101.655502,-120.0,25.682802,1.973221,0.96,True,0.0,0.01,10000.0,False,0.0,0.603225,256.0,True,1,True,99.83022,0.6,none
goal_oriented_priority,0,2,ep0_relation_person_vehicle_7,0,reuse_cache,0,0.2,0.2,0.2,0.247307,0.954286,0.01,False,True,True,False,False,-2.240571,0.0,-1,0,,quality_limited,relation,Are people close to vehicles in this area?,normal,1.3,4.2,0.6,0.2,-101.600676,24.607511,19.559304,0.0,0.0,0.0,0.524286,0.4,0.03,0.0,0.0,0.0,0.01,0.0077,medium,medium,0.0,False,3,273.253814,17.023751,0.254149,101.600676,-120.0,24.517752,3.716438,0.28,False,0.0,0.01,10000.0,False,0.0,0.0,256.0,True,1,True,99.83022,0.6,none
goal_oriented_priority,0,3,ep0_infeasible_bad_channel_3,0,reuse_cache,0,0.333333,0.2,0.333333,0.223514,0.938857,0.01,False,False,True,False,False,-3.736714,0.0,-1,-1,,quality_limited,risk,Is this area crowded or blocked?,critical,2.0,0.8,0.9,0.333333,-98.34099,25.64871,34.025303,0.0,0.0,0.0,0.508857,0.4,0.03,0.0,0.0,0.0,0.01,0.0077,bad,bad,0.0,False,4,201.87607,23.345999,0.483745,98.34099,-120.0,25.594632,2.017175,0.28,False,0.0,0.01,10000.0,False,0.0,0.0,256.0,True,1,True,99.80712,0.666667,none
goal_oriented_priority,0,3,ep0_critical_preempt_4,1,observe,3,0.6,0.6,0.4,0.720075,2.943717,0.628959,True,False,True,False,False,-2.357773,2.160225,2,0,,deadline_limited,risk,Is this area crowded or blocked?,critical,3.0,2.8,0.72,0.5,-107.506586,18.701602,44.798311,0.861642,0.65,0.098218,0.508857,0.4,0.425,0.046529,0.058931,0.4,0.1235,0.042579,good,good,0.0,False,4,320.341329,14.46175,0.184444,107.506586,-120.0,18.671475,-0.043097,0.96,False,0.189124,0.55,550000.0,False,0.343862,0.733843,3072.0,False,1,True,99.784459,0.333333,none
goal_oriented_priority,0,3,ep0_relation_person_vehicle_7,0,reuse_cache,0,0.066667,0.2,0.266667,0.247307,0.938857,0.01,False,True,True,False,False,-2.236714,0.0,-1,0,,quality_limited,relation,Are people close to vehicles in this area?,normal,1.3,4.2,0.6,0.166667,-101.902778,29.076623,7.658621,0.0,0.0,0.0,0.508857,0.4,0.03,0.0,0.0,0.0,0.01,0.0077,medium,medium,0.0,False,4,273.253814,17.023751,0.254149,101.902778,-120.0,28.812727,3.414337,0.28,False,0.0,0.01,10000.0,False,0.0,0.0,256.0,True,1,True,99.80712,0.666667,none
goal_oriented_priority,0,4,ep0_infeasible_bad_channel_3,0,reuse_cache,0,0.333333,0.2,0.333333,0.223514,0.979871,0.01,False,False,True,False,False,-3.746968,0.0,-1,-1,,quality_limited,risk,Is this area crowded or blocked?,critical,2.0,0.8,0.9,0.333333,-98.307497,25.682203,34.069686,0.0,0.0,0.0,0.549871,0.4,0.03,0.0,0.0,0.0,0.01,0.0077,bad,bad,0.0,False,5,201.87607,23.345999,0.483745,98.307497,-120.0,25.628125,2.050668,0.28,False,0.0,0.01,10000.0,False,0.0,0.0,256.0,True,1,True,99.79172,0.666667,none
goal_oriented_priority,0,4,ep0_critical_preempt_4,1,observe,3,0.6,0.6,0.4,0.720075,2.930991,0.624015,True,False,True,False,False,-2.35385,2.160225,2,0,,deadline_limited,risk,Is this area crowded or blocked?,critical,3.0,2.8,0.72,0.5,-106.755781,19.452406,46.571961,0.811642,0.65,0.094477,0.549871,0.4,0.425,0.043829,0.056686,0.4,0.1235,0.04248,good,good,0.0,False,5,302.945019,15.311956,0.20579,106.755781,-120.0,19.42228,-0.017888,0.96,False,0.189124,0.55,550000.0,False,0.343862,0.737029,3072.0,False,1,True,99.741979,0.333333,none
goal_oriented_priority,0,4,ep0_relation_person_vehicle_7,0,reuse_cache,0,0.066667,0.2,0.266667,0.247307,0.979871,0.01,False,True,True,False,False,-2.246968,0.0,-1,0,,quality_limited,relation,Are people close to vehicles in this area?,normal,1.3,4.2,0.6,0.166667,-101.836264,29.143136,7.676274,0.0,0.0,0.0,0.549871,0.4,0.03,0.0,0.0,0.0,0.01,0.0077,medium,medium,0.0,False,5,273.253814,17.023751,0.254149,101.836264,-120.0,28.879241,3.480851,0.28,False,0.0,0.01,10000.0,False,0.0,0.0,256.0,True,1,True,99.79172,0.666667,none
goal_oriented_priority,0,5,ep0_infeasible_bad_channel_3,0,reuse_cache,0,0.333333,0.2,0.333333,0.223514,1.002429,0.01,False,False,True,False,False,-3.752607,0.0,-1,-1,,quality_limited,risk,Is this area crowded or blocked?,critical,2.0,0.8,0.9,0.333333,-98.119391,25.870309,34.318968,0.0,0.0,0.0,0.572429,0.4,0.03,0.0,0.0,0.0,0.01,0.0077,bad,bad,0.0,False,6,201.87607,23.345999,0.483745,98.119391,-120.0,25.816231,2.238774,0.28,False,0.0,0.01,10000.0,False,0.0,0.0,256.0,True,1,True,99.77632,0.666667,none
goal_oriented_priority,0,5,ep0_critical_preempt_4,1,observe,3,0.6,0.6,0.4,0.720075,2.897134,0.617466,True,False,True,False,False,-2.344403,2.160225,2,0,,deadline_limited,risk,Is this area crowded or blocked?,critical,3.0,2.8,0.72,0.5,-105.32352,20.884668,49.964619,0.761642,0.65,0.088062,0.572429,0.4,0.425,0.041129,0.052837,0.4,0.1235,0.042349,good,good,0.0,False,6,285.623532,16.265515,0.231845,105.32352,-120.0,20.854541,0.617342,0.96,False,0.189124,0.55,550000.0,False,0.343862,0.745642,3072.0,False,1,True,99.69963,0.333333,none
goal_oriented_priority,0,5,ep0_relation_person_vehicle_7,0,reuse_cache,0,0.066667,0.2,0.266667,0.247307,1.002429,0.01,False,True,True,False,False,-2.252607,0.0,-1,0,,quality_limited,relation,Are people close to vehicles in this area?,normal,1.3,4.2,0.6,0.166667,-102.06131,28.91809,7.616546,0.0,0.0,0.0,0.572429,0.4,0.03,0.0,0.0,0.0,0.01,0.0077,medium,medium,0.0,False,6,273.253814,17.023751,0.254149,102.06131,-120.0,28.654194,3.255804,0.28,False,0.0,0.01,10000.0,False,0.0,0.0,256.0,True,1,True,99.77632,0.666667,none
goal_oriented_priority,1,0,ep1_cache_feasible_0,1,reuse_cache,0,0.0,0.2,0.0,0.667256,0.683693,0.01,True,True,True,False,True,3.827077,0.667256,0,0,0;1;2;3,feasible,presence,Are there car objects in this area?,normal,1.0,3.0,0.58,0.0,-101.172061,88.838239,1.4e-05,0.0,0.0,0.0,0.253693,0.4,0.03,0.0,0.0,0.0,0.01,0.0077,good,good,0.0,True,1,181.383571,26.171168,0.595556,101.172061,-120.0,41.838152,-2.842911,0.96,True,0.0,0.01,10000.0,False,0.0,0.975959,256.0,True,1,True,99.9923,0.5,none
goal_oriented_priority,1,0,ep1_light_feasible_1,1,reuse_cache,0,0.0,0.2,0.0,0.433986,0.683693,0.01,False,True,True,False,False,-2.172923,0.0,1,0,1;2;3,feasible,counting,How many car objects are in this area?,normal,1.0,3.5,0.55,0.0,-108.073412,81.936888,1.2e-05,0.0,0.0,0.0,0.253693,0.4,0.03,0.0,0.0,0.0,0.01,0.0077,good,good,0.0,False,1,299.499583,15.492499,0.210552,108.073412,-120.0,34.936801,-1.487659,0.68,True,0.0,0.01,10000.0,False,0.0,0.0,256.0,True,1,True,99.9923,0.5,none
goal_oriented_priority,1,0,ep1_image_required_2,0,observe,2,0.4,1.2,0.4,0.777995,3.153883,1.187002,True,True,True,False,True,6.953479,1.55599,2,0,2,feasible,risk,Is this area crowded or blocked?,critical,2.0,3.2,0.74,0.5,-104.557591,26.42181,35.152358,0.686061,0.9,0.364129,0.253693,0.4,0.55,0.037047,0.436955,0.55,0.163,0.05374,good,good,0.0,True,1,259.6151,17.947685,0.283173,104.557591,-97.741458,22.018454,0.009108,0.28,False,0.521045,1.6,1600000.0,False,0.325653,0.493357,4096.0,True,1,True,99.94626,0.5,none
goal_oriented_priority,1,0,ep1_infeasible_bad_channel_3,0,reuse_cache,0,0.0,0.2,0.0,0.223514,0.683693,0.01,False,True,True,False,False,-2.172923,0.0,-1,0,,quality_limited,risk,Is this area crowded or blocked?,critical,2.0,0.8,0.9,0.0,-100.887796,89.122504,1.4e-05,0.0,0.0,0.0,0.253693,0.4,0.03,0.0,0.0,0.0,0.01,0.0077,bad,bad,0.0,False,1,200.249844,23.546983,0.491779,100.887796,-120.0,42.122417,-0.679219,0.28,False,0.0,0.01,10000.0,False,0.0,0.0,256.0,True,1,True,99.9923,0.5,none
goal_oriented_priority,1,0,ep1_critical_preempt_4,1,observe,3,0.6,1.2,0.6,0.726848,2.786392,0.708534,True,True,True,False,True,11.169622,2.180544,2,0,3,feasible,risk,Is this area crowded or blocked?,critical,3.0,2.8,0.72,0.5,-107.590066,21.628421,39.41891,0.946077,0.65,0.111622,0.253693,0.4,0.425,0.051088,0.133946,0.4,0.1235,0.044171,good,good,0.0,True,1,349.857114,13.218475,0.156375,107.590066,-94.721977,16.382168,0.968151,0.28,False,0.469898,0.55,550000.0,False,0.854361,0.782569,3072.0,True,1,True,99.955829,0.5,none
goal_oriented_priority,1,0,ep1_normal_competing_5,0,reuse_cache,0,0.0,0.2,0.0,0.434125,0.683693,0.01,False,True,True,False,False,-2.172923,0.0,2,0,2;3,feasible,counting,How many car objects are in this area?,normal,1.0,3.5,0.52,0.0,-106.207256,83.803044,1.2e-05,0.0,0.0,0.0,0.253693,0.4,0.03,0.0,0.0,0.0,0.01,0.0077,medium,medium,0.0,False,1,257.875939,18.072893,0.287257,106.207256,-120.0,36.802957,-1.741535,0.68,True,0.0,0.01,10000.0,False,0.0,0.0,256.0,True,1,True,99.9923,0.5,none
goal_oriented_priority,1,0,ep1_attribute_damage_6,1,reuse_cache,0,0.0,0.2,0.0,0.410247,0.683693,0.01,False,True,True,False,False,-2.172923,0.0,2,0,2;3,feasible,attribute,What is the visible condition of the car objects in this area?,normal,1.2,4.0,0.62,0.0,-104.595092,85.415208,1.3e-05,0.0,0.0,0.0,0.253693,0.4,0.03,0.0,0.0,0.0,0.01,0.0077,medium,medium,0.0,False,1,272.763634,17.05528,0.255107,104.595092,-120.0,38.415121,0.69625,0.68,True,0.0,0.01,10000.0,False,0.0,0.0,256.0,True,1,True,99.9923,0.5,none
goal_oriented_priority,1,0,ep1_relation_person_vehicle_7,0,reuse_cache,0,0.0,0.2,0.0,0.247307,0.683693,0.01,False,True,True,False,False,-2.172923,0.0,-1,0,,quality_limited,relation,Are people close to vehicles in this area?,normal,1.3,4.2,0.6,0.0,-105.019774,84.990526,1.3e-05,0.0,0.0,0.0,0.253693,0.4,0.03,0.0,0.0,0.0,0.01,0.0077,medium,medium,0.0,False,1,263.248932,17.691689,0.274934,105.019774,-120.0,37.990439,-0.24611,0.28,False,0.0,0.01,10000.0,False,0.0,0.0,256.0,True,1,True,99.9923,0.5,none
goal_oriented_priority,1,1,ep1_light_feasible_1,1,observe,1,0.15,0.2,0.15,0.515592,3.565376,0.357726,False,False,True,False,False,-4.454003,0.0,1,0,1;2;3,feasible,counting,How many car objects are in this area?,normal,1.0,3.5,0.55,0.05,-107.152306,20.305269,6.47888,0.773584,0.35,0.222261,0.409531,0.06,1.75,0.041774,0.044452,0.2,0.0715,0.037155,medium,good,0.0,False,2,289.753068,16.027409,0.22513,107.152306,-95.078508,10.461245,-1.013857,0.68,False,0.081467,0.18,180000.0,False,0.452593,0.0,1536.0,True,1,True,99.895574,0.4,none
goal_oriented_priority,1,1,ep1_infeasible_bad_channel_3,0,reuse_cache,0,0.2,0.2,0.2,0.223514,0.839531,0.01,False,False,True,False,False,-3.711883,0.0,-1,-1,,quality_limited,risk,Is this area crowded or blocked?,critical,2.0,0.8,0.9,0.15,-100.198564,26.009623,20.67379,0.0,0.0,0.0,0.409531,0.4,0.03,0.0,0.0,0.0,0.01,0.0077,bad,bad,0.0,False,2,187.903787,25.198133,0.557568,100.198564,-120.0,25.919864,-1.190093,0.28,False,0.0,0.01,10000.0,False,0.0,0.0,256.0,True,1,True,99.91546,0.6,none
goal_oriented_priority,1,1,ep1_normal_competing_5,0,observe,2,0.25,1.2,0.4,0.619536,3.590869,1.567515,True,False,True,False,False,-2.712845,0.619536,2,0,2;3,feasible,counting,How many car objects are in this area?,normal,1.0,3.5,0.52,0.5,-107.058892,25.961708,18.795973,0.691082,0.9,0.680997,0.409531,0.4,0.509259,0.037318,0.817196,0.55,0.163,0.06135,medium,medium,0.0,False,2,261.335366,17.825563,0.279224,107.058892,-95.998772,18.803676,-2.393547,0.68,False,0.185411,1.6,1600000.0,False,0.115882,0.172531,4096.0,False,2,True,99.86181,0.6,none
goal_oriented_priority,1,1,ep1_attribute_damage_6,1,observe,2,0.15,2.0,0.25,0.715461,4.0063,2.265985,True,False,True,False,False,-2.921473,0.858553,2,0,2;3,feasible,attribute,What is the visible condition of the car objects in this area?,normal,1.2,4.0,0.62,0.3,-104.002976,33.454599,16.889689,0.690144,0.9,0.757859,0.409531,0.4,0.848765,0.037268,1.515718,0.55,0.163,0.07532,medium,medium,0.0,False,2,261.014066,17.848243,0.279955,104.002976,-100.787246,28.239619,0.644036,0.28,False,0.453399,1.6,1600000.0,False,0.283374,0.214301,4096.0,False,2,True,99.857409,0.4,none
goal_oriented_priority,1,1,ep1_relation_person_vehicle_7,0,reuse_cache,0,0.2,0.2,0.0,0.247307,0.839531,0.01,False,True,True,False,False,-2.211883,0.0,-1,0,,quality_limited,relation,Are people close to vehicles in this area?,normal,1.3,4.2,0.6,0.0,-104.30116,21.907028,17.416807,0.0,0.0,0.0,0.409531,0.4,0.03,0.0,0.0,0.0,0.01,0.0077,medium,medium,0.0,False,2,256.269216,18.190157,0.291114,104.30116,-120.0,21.817269,0.070135,0.28,False,0.0,0.01,10000.0,False,0.0,0.0,256.0,True,1,True,99.91546,0.6,none
goal_oriented_priority,1,2,ep1_light_feasible_1,1,reuse_cache,0,0.15,0.2,0.15,0.569817,0.925242,0.01,True,True,True,False,True,3.766689,0.569817,0,0,0;1;2;3,feasible,counting,How many car objects are in this area?,normal,1.0,3.5,0.55,0.05,-107.303631,20.153944,12.005309,0.0,0.0,0.0,0.495242,0.4,0.03,0.0,0.0,0.0,0.01,0.0077,good,good,0.0,True,3,294.918638,15.739333,0.217191,107.303631,-120.0,20.034673,-0.924902,0.96,True,0.0,0.01,10000.0,False,0.0,0.615858,256.0,True,1,True,99.812554,0.4,none
goal_oriented_priority,1,2,ep1_infeasible_bad_channel_3,0,reuse_cache,0,0.2,0.2,0.2,0.223514,0.925242,0.01,False,False,True,False,False,-3.733311,0.0,-1,-1,,quality_limited,risk,Is this area crowded or blocked?,critical,2.0,0.8,0.9,0.2,-100.551693,25.656495,20.393002,0.0,0.0,0.0,0.495242,0.4,0.03,0.0,0.0,0.0,0.01,0.0077,bad,bad,0.0,False,3,201.87607,23.345999,0.483745,100.551693,-120.0,25.566736,-0.193528,0.28,False,0.0,0.01,10000.0,False,0.0,0.0,256.0,True,1,True,99.83871,0.6,none
goal_oriented_priority,1,2,ep1_normal_competing_5,0,reuse_cache,0,0.15,0.2,0.15,0.575649,0.925242,0.01,True,True,True,False,True,3.766689,0.575649,0,0,0;1;2;3,feasible,counting,How many car objects are in this area?,normal,1.0,3.5,0.52,0.05,-106.102523,21.355052,12.717337,0.0,0.0,0.0,0.495242,0.4,0.03,0.0,0.0,0.0,0.01,0.0077,medium,medium,0.0,True,3,244.261652,19.118176,0.322677,106.102523,-120.0,21.235781,-2.4738,0.96,True,0.0,0.01,10000.0,False,0.0,0.622161,256.0,True,1,True,99.83871,0.6,none
goal_oriented_priority,1,2,ep1_attribute_damage_6,1,observe,2,0.15,2.0,0.25,0.703379,3.975635,1.994731,True,True,True,False,False,-1.373118,0.844055,2,0,2;3,feasible,attribute,What is the visible condition of the car objects in this area?,normal,1.2,4.0,0.62,0.3,-103.011484,34.446091,20.52658,0.640144,0.9,0.623582,0.495242,0.4,0.916667,0.034568,1.247163,0.55,0.163,0.069895,medium,medium,0.0,False,3,243.942769,19.14414,0.323586,103.011484,-120.0,34.32682,0.59658,0.96,False,0.152958,1.6,1600000.0,False,0.095599,0.212307,4096.0,False,1,True,99.750359,0.4,none
goal_oriented_priority,1,2,ep1_relation_person_vehicle_7,0,reuse_cache,0,0.2,0.2,0.2,0.247307,0.925242,0.01,False,True,True,False,False,-2.233311,0.0,-1,0,,quality_limited,relation,Are people close to vehicles in this area?,normal,1.3,4.2,0.6,0.2,-105.06885,21.139338,16.80913,0.0,0.0,0.0,0.495242,0.4,0.03,0.0,0.0,0.0,0.01,0.0077,medium,medium,0.0,False,3,273.253814,17.023751,0.254149,105.06885,-120.0,21.049579,0.248265,0.28,False,0.0,0.01,10000.0,False,0.0,0.0,256.0,True,1,True,99.83871,0.6,none
goal_oriented_priority,1,3,ep1_infeasible_bad_channel_3,0,reuse_cache,0,0.333333,0.2,0.333333,0.223514,0.942008,0.01,False,False,True,False,False,-3.737502,0.0,-1,-1,,quality_limited,risk,Is this area crowded or blocked?,critical,2.0,0.8,0.9,0.333333,-100.910718,23.078982,30.623516,0.0,0.0,0.0,0.512008,0.4,0.03,0.0,0.0,0.0,0.01,0.0077,bad,bad,0.0,False,4,201.87607,23.345999,0.483745,100.910718,-120.0,23.024904,-0.552553,0.28,False,0.0,0.01,10000.0,False,0.0,0.0,256.0,True,1,True,99.81561,0.666667,none
goal_oriented_priority,1,3,ep1_attribute_damage_6,1,observe,2,0.15,1.2,0.25,0.703379,3.976884,1.534545,True,True,True,False,False,-1.304403,0.844055,2,0,2;3,feasible,attribute,What is the visible condition of the car objects in this area?,normal,1.2,4.0,0.62,0.3,-102.592651,32.646436,19.450974,0.590144,0.9,0.658065,0.512008,0.4,0.916667,0.031868,0.789678,0.55,0.163,0.060691,medium,medium,0.0,False,4,227.014991,20.634158,0.37779,102.592651,-120.0,32.527165,-0.159562,0.96,False,0.152958,1.6,1600000.0,False,0.095599,0.21224,4096.0,False,1,True,99.681968,0.333333,none
goal_oriented_priority,1,3,ep1_relation_person_vehicle_7,0,reuse_cache,0,0.333333,0.2,0.333333,0.247307,0.942008,0.01,False,True,True,False,False,-2.237502,0.0,-1,0,,quality_limited,relation,Are people close to vehicles in this area?,normal,1.3,4.2,0.6,0.3,-105.491629,18.498071,24.589835,0.0,0.0,0.0,0.512008,0.4,0.03,0.0,0.0,0.0,0.01,0.0077,medium,medium,0.0,False,4,273.253814,17.023751,0.254149,105.491629,-120.0,18.443994,-0.174515,0.28,False,0.0,0.01,10000.0,False,0.0,0.0,256.0,True,1,True,99.81561,0.666667,none
goal_oriented_priority,1,4,ep1_infeasible_bad_channel_3,0,reuse_cache,0,0.333333,0.2,0.333333,0.223514,0.96098,0.01,False,False,True,False,False,-3.742245,0.0,-1,-1,,quality_limited,risk,Is this area crowded or blocked?,critical,2.0,0.8,0.9,0.333333,-100.747585,23.242115,30.839228,0.0,0.0,0.0,0.53098,0.4,0.03,0.0,0.0,0.0,0.01,0.0077,bad,bad,0.0,False,5,201.87607,23.345999,0.483745,100.747585,-120.0,23.188038,-0.38942,0.28,False,0.0,0.01,10000.0,False,0.0,0.0,256.0,True,1,True,99.80021,0.666667,none
goal_oriented_priority,1,4,ep1_attribute_damage_6,1,observe,2,0.15,0.6,0.25,0.703379,3.974458,1.154169,True,True,True,False,False,-1.24674,0.844055,2,0,2;3,feasible,attribute,What is the visible condition of the car objects in this area?,normal,1.2,4.0,0.62,0.3,-100.938263,31.290524,18.640741,0.540144,0.9,0.686668,0.53098,0.4,0.916667,0.029168,0.412001,0.55,0.163,0.053083,medium,medium,0.0,False,5,210.265399,22.362894,0.444643,100.938263,-120.0,31.171253,0.160846,0.96,False,0.152958,1.6,1600000.0,False,0.095599,0.21237,4096.0,False,1,True,99.628885,0.333333,none
goal_oriented_priority,1,4,ep1_relation_person_vehicle_7,0,reuse_cache,0,0.333333,0.2,0.333333,0.247307,0.96098,0.01,False,True,True,False,False,-2.242245,0.0,-1,0,,quality_limited,relation,Are people close to vehicles in this area?,normal,1.3,4.2,0.6,0.3,-104.906756,19.082944,25.356731,0.0,0.0,0.0,0.53098,0.4,0.03,0.0,0.0,0.0,0.01,0.0077,medium,medium,0.0,False,5,273.253814,17.023751,0.254149,104.906756,-120.0,19.028866,0.410358,0.28,False,0.0,0.01,10000.0,False,0.0,0.0,256.0,True,1,True,99.80021,0.666667,none
goal_oriented_priority,1,5,ep1_infeasible_bad_channel_3,0,reuse_cache,0,0.333333,0.2,0.333333,0.223514,0.971414,0.01,False,False,True,False,False,-3.744853,0.0,-1,-1,,quality_limited,risk,Is this area crowded or blocked?,critical,2.0,0.8,0.9,0.333333,-100.928615,23.061085,30.599853,0.0,0.0,0.0,0.541414,0.4,0.03,0.0,0.0,0.0,0.01,0.0077,bad,bad,0.0,False,6,201.87607,23.345999,0.483745,100.928615,-120.0,23.007007,-0.57045,0.28,False,0.0,0.01,10000.0,False,0.0,0.0,256.0,True,1,True,99.78481,0.666667,none
goal_oriented_priority,1,5,ep1_attribute_damage_6,1,observe,2,0.15,0.6,0.25,0.703379,3.898924,1.129887,True,True,True,False,False,-1.224214,0.844055,2,0,2;3,feasible,attribute,What is the visible condition of the car objects in this area?,normal,1.2,4.0,0.62,0.3,-99.213938,33.01485,19.671147,0.490144,0.9,0.650699,0.541414,0.4,0.916667,0.026468,0.39042,0.55,0.163,0.052598,medium,medium,0.0,False,6,193.740213,24.388654,0.525423,99.213938,-120.0,32.895579,0.376089,0.96,False,0.152958,1.6,1600000.0,False,0.095599,0.216484,4096.0,False,1,True,99.576287,0.333333,none
goal_oriented_priority,1,5,ep1_relation_person_vehicle_7,0,reuse_cache,0,0.333333,0.2,0.333333,0.247307,0.971414,0.01,False,True,True,False,False,-2.244853,0.0,-1,0,,quality_limited,relation,Are people close to vehicles in this area?,normal,1.3,4.2,0.6,0.3,-106.259171,17.73053,23.585664,0.0,0.0,0.0,0.541414,0.4,0.03,0.0,0.0,0.0,0.01,0.0077,medium,medium,0.0,False,6,273.253814,17.023751,0.254149,106.259171,-120.0,17.676452,-0.942056,0.28,False,0.0,0.01,10000.0,False,0.0,0.0,256.0,True,1,True,99.78481,0.666667,none
joint_greedy_resource,0,0,ep0_cache_feasible_0,1,reuse_cache,0,0.125,0.2,0.125,0.667256,0.805738,0.01,True,True,True,False,True,3.796566,0.667256,0,0,0;1;2;3,feasible,presence,Are there car objects in this area?,normal,1.0,3.0,0.58,0.05,-97.814468,30.43492,15.09629,0.0,0.0,0.0,0.375738,0.4,0.03,0.0,0.0,0.0,0.01,0.0077,good,good,0.0,True,1,181.383571,26.171168,0.595556,97.814468,-120.0,30.292183,0.514682,0.96,True,0.0,0.01,10000.0,False,0.0,0.828131,256.0,True,1,True,99.9923,0.5,none
joint_greedy_resource,0,0,ep0_light_feasible_1,1,observe,1,0.125,0.6,0.125,0.581449,2.454005,0.402724,True,True,True,False,True,3.31709,0.581449,1,0,1;2;3,feasible,counting,How many car objects are in this area?,normal,1.0,3.5,0.55,0.125,-104.629257,28.391343,9.825877,0.801715,0.35,0.146552,0.375738,0.06,0.72,0.043293,0.087931,0.2,0.0715,0.038054,good,good,0.0,True,1,299.499583,15.492499,0.210552,104.629257,-97.1468,19.672646,1.956496,0.68,False,0.147463,0.18,180000.0,False,0.819237,0.236939,1536.0,True,1,True,99.961946,0.5,none
joint_greedy_resource,0,0,ep0_image_required_2,0,observe,2,0.125,0.6,0.125,0.777995,6.028541,1.630093,True,False,True,False,False,-3.331649,1.55599,2,0,2,feasible,risk,Is this area crowded or blocked?,critical,2.0,3.2,0.74,0.125,-106.523875,26.496725,8.726818,0.686061,0.9,1.466743,0.375738,0.4,2.2,0.037047,0.880046,0.55,0.163,0.062602,good,good,0.0,False,1,259.6151,17.947685,0.283173,106.523875,-96.753901,17.43588,-1.957176,0.28,False,0.521045,1.6,1600000.0,False,0.325653,0.258104,4096.0,True,1,True,99.937398,0.5,none
joint_greedy_resource,0,0,ep0_infeasible_bad_channel_3,0,reuse_cache,0,0.125,0.2,0.125,0.223514,0.805738,0.01,False,False,True,False,False,-3.703434,0.0,-1,-1,,quality_limited,risk,Is this area crowded or blocked?,critical,2.0,0.8,0.9,0.05,-98.443599,29.805789,14.783116,0.0,0.0,0.0,0.375738,0.4,0.03,0.0,0.0,0.0,0.01,0.0077,bad,bad,0.0,False,1,200.249844,23.546983,0.491779,98.443599,-120.0,29.663052,1.764978,0.28,False,0.0,0.01,10000.0,False,0.0,0.0,256.0,True,1,True,99.9923,0.5,none
joint_greedy_resource,0,0,ep0_critical_preempt_4,1,observe,3,0.125,0.6,0.125,0.726848,4.395776,0.909654,True,False,True,False,False,-2.762892,2.180544,2,0,,deadline_limited,risk,Is this area crowded or blocked?,critical,3.0,2.8,0.72,0.125,-108.085039,24.935561,7.879042,0.946077,0.65,0.558444,0.375738,0.4,1.465517,0.051088,0.335066,0.4,0.1235,0.048193,good,good,0.0,False,1,349.857114,13.218475,0.156375,108.085039,-96.551295,15.696755,0.473178,0.28,False,0.469898,0.55,550000.0,False,0.854361,0.496054,3072.0,True,3,True,99.951807,0.5,none
joint_greedy_resource,0,0,ep0_normal_competing_5,0,observe,3,0.125,0.6,0.125,0.582694,3.943313,0.782919,True,False,True,False,False,-2.630766,0.582694,2,0,2;3,feasible,counting,How many car objects are in this area?,normal,1.0,3.5,0.52,0.125,-101.650499,31.370101,11.857372,0.680981,0.65,0.371077,0.375738,0.4,1.465517,0.036773,0.222646,0.4,0.1235,0.045658,medium,medium,0.0,False,1,257.875939,18.072893,0.287257,101.650499,-98.4777,23.778006,2.815222,0.68,False,0.148569,0.55,550000.0,False,0.270125,0.147768,3072.0,True,3,True,99.954342,0.5,none
joint_greedy_resource,0,0,ep0_attribute_damage_6,1,observe,3,0.125,0.6,0.125,0.666014,4.123151,0.867139,True,False,True,False,False,-2.688359,0.799217,2,0,2;3,feasible,attribute,What is the visible condition of the car objects in this area?,normal,1.2,4.0,0.62,0.125,-106.627345,26.393255,8.669266,0.724356,0.65,0.50754,0.375738,0.4,1.465517,0.039115,0.304524,0.4,0.1235,0.047343,medium,medium,0.0,False,1,272.763634,17.05528,0.255107,106.627345,-96.737759,17.318269,-1.336002,0.68,False,0.255767,0.55,550000.0,False,0.46503,0.193836,3072.0,True,3,True,99.952657,0.5,none
joint_greedy_resource,0,0,ep0_relation_person_vehicle_7,0,reuse_cache,0,0.125,0.2,0.125,0.247307,0.805738,0.01,False,True,True,False,False,-2.203434,0.0,-1,0,,quality_limited,relation,Are people close to vehicles in this area?,normal,1.3,4.2,0.6,0.05,-100.911697,27.33769,13.555076,0.0,0.0,0.0,0.375738,0.4,0.03,0.0,0.0,0.0,0.01,0.0077,medium,medium,0.0,False,1,263.248932,17.691689,0.274934,100.911697,-120.0,27.194953,3.861966,0.28,False,0.0,0.01,10000.0,False,0.0,0.0,256.0,True,1,True,99.9923,0.5,none
joint_greedy_resource,0,1,ep0_image_required_2,0,observe,2,0.166667,0.6,0.15,0.775352,4.924803,1.279787,True,False,True,False,False,-3.003169,1.550704,2,0,2,feasible,risk,Is this area crowded or blocked?,critical,2.0,3.2,0.74,0.166667,-104.979222,26.791991,14.424166,0.636061,0.9,0.8874,0.451343,0.4,1.65,0.034347,0.53244,0.55,0.163,0.055596,good,good,0.0,False,2,242.554439,19.258024,0.327587,104.979222,-100.479414,21.681143,-1.461699,0.96,False,0.244401,1.6,1600000.0,False,0.152751,0.314876,4096.0,True,1,True,99.820744,0.666667,none
joint_greedy_resource,0,1,ep0_infeasible_bad_channel_3,0,reuse_cache,0,0.15,0.2,0.15,0.223514,0.881343,0.01,False,False,True,False,False,-3.722336,0.0,-1,-1,,quality_limited,risk,Is this area crowded or blocked?,critical,2.0,0.8,0.9,0.05,-96.733718,30.723856,18.30218,0.0,0.0,0.0,0.451343,0.4,0.03,0.0,0.0,0.0,0.01,0.0077,bad,bad,0.0,False,2,187.903787,25.198133,0.557568,96.733718,-120.0,30.604585,2.274753,0.28,False,0.0,0.01,10000.0,False,0.0,0.0,256.0,True,1,True,99.86864,0.666667,none
joint_greedy_resource,0,1,ep0_critical_preempt_4,1,observe,3,0.166667,0.6,0.15,0.720075,3.948638,0.794285,True,False,True,False,False,-2.633802,2.160225,2,0,,deadline_limited,risk,Is this area crowded or blocked?,critical,3.0,2.8,0.72,0.166667,-107.924479,23.846733,11.870652,0.896077,0.65,0.370662,0.451343,0.4,1.180556,0.048388,0.222397,0.4,0.1235,0.045886,good,good,0.0,False,2,332.359507,13.928048,0.171943,107.924479,-99.177766,17.795556,0.003409,0.96,False,0.189124,0.55,550000.0,False,0.343862,0.547081,3072.0,True,2,True,99.812824,0.333333,none
joint_greedy_resource,0,1,ep0_normal_competing_5,0,reuse_cache,0,0.15,0.2,0.15,0.575649,0.881343,0.01,True,True,True,False,True,3.777664,0.575649,0,0,0;1;2;3,feasible,counting,How many car objects are in this area?,normal,1.0,3.5,0.52,0.05,-102.372321,25.085254,14.936599,0.0,0.0,0.0,0.451343,0.4,0.03,0.0,0.0,0.0,0.01,0.0077,medium,medium,0.0,True,2,261.335366,17.825563,0.279224,102.372321,-120.0,24.965983,2.293023,0.96,True,0.0,0.01,10000.0,False,0.0,0.65315,256.0,True,1,True,99.86864,0.666667,none
joint_greedy_resource,0,1,ep0_attribute_damage_6,1,observe,3,0.166667,0.6,0.15,0.678082,3.688116,0.750411,True,True,True,False,True,3.737909,0.813698,2,0,2;3,feasible,attribute,What is the visible condition of the car objects in this area?,normal,1.2,4.0,0.62,0.166667,-105.505627,26.265586,13.920845,0.690144,0.65,0.316073,0.451343,0.4,1.180556,0.037268,0.189644,0.4,0.1235,0.045008,medium,medium,0.0,True,2,261.014066,17.848243,0.279955,105.505627,-100.141123,20.917946,-0.858615,0.96,False,0.127661,0.55,550000.0,False,0.232112,0.220627,3072.0,True,2,True,99.813702,0.333333,none
joint_greedy_resource,0,1,ep0_relation_person_vehicle_7,0,reuse_cache,0,0.15,0.2,0.15,0.247307,0.881343,0.01,False,True,True,False,False,-2.222336,0.0,-1,0,,quality_limited,relation,Are people close to vehicles in this area?,normal,1.3,4.2,0.6,0.05,-100.847104,26.610471,15.846154,0.0,0.0,0.0,0.451343,0.4,0.03,0.0,0.0,0.0,0.01,0.0077,medium,medium,0.0,False,2,256.269216,18.190157,0.291114,100.847104,-120.0,26.4912,3.52419,0.28,False,0.0,0.01,10000.0,False,0.0,0.0,256.0,True,1,True,99.86864,0.666667,none
joint_greedy_resource,0,2,ep0_image_required_2,0,observe,2,0.25,0.6,0.25,0.775352,4.025155,1.090236,True,False,True,False,False,-2.749824,1.550704,2,0,2,feasible,risk,Is this area crowded or blocked?,critical,2.0,3.2,0.74,0.25,-104.493431,25.516869,22.222963,0.586061,0.9,0.575981,0.463114,0.4,1.1,0.031647,0.345588,0.55,0.163,0.051805,good,good,0.0,False,3,225.639783,20.765709,0.38275,104.493431,-101.774729,22.273609,-2.163039,0.96,False,0.244401,1.6,1600000.0,False,0.152751,0.385253,4096.0,False,1,True,99.745839,0.75,none
joint_greedy_resource,0,2,ep0_infeasible_bad_channel_3,0,reuse_cache,0,0.15,0.2,0.15,0.223514,0.893114,0.01,False,False,True,False,False,-3.725278,0.0,-1,-1,,quality_limited,risk,Is this area crowded or blocked?,critical,2.0,0.8,0.9,0.05,-95.694409,31.763166,18.923152,0.0,0.0,0.0,0.463114,0.4,0.03,0.0,0.0,0.0,0.01,0.0077,bad,bad,0.0,False,3,176.532338,26.947557,0.625089,95.694409,-120.0,31.643895,2.109925,0.28,False,0.0,0.01,10000.0,False,0.0,0.0,256.0,True,1,True,99.789944,0.75,none
joint_greedy_resource,0,2,ep0_critical_preempt_4,1,observe,3,0.25,0.6,0.25,0.720075,3.101739,0.708717,True,False,True,False,False,-2.409242,2.160225,2,0,3,feasible,risk,Is this area crowded or blocked?,critical,3.0,2.8,0.72,0.25,-106.61179,23.39851,18.920776,0.846077,0.65,0.232549,0.463114,0.06,0.85,0.045688,0.139529,0.4,0.1235,0.044174,good,good,0.0,False,3,314.918535,14.71635,0.190651,106.61179,-99.68167,18.930533,0.632715,0.96,False,0.189124,0.55,550000.0,False,0.343862,0.696456,3072.0,True,1,True,99.723642,0.25,none
joint_greedy_resource,0,2,ep0_relation_person_vehicle_7,0,reuse_cache,0,0.15,0.2,0.15,0.247307,0.893114,0.01,False,True,True,False,False,-2.225278,0.0,-1,0,,quality_limited,relation,Are people close to vehicles in this area?,normal,1.3,4.2,0.6,0.05,-100.299737,27.157837,16.172762,0.0,0.0,0.0,0.463114,0.4,0.03,0.0,0.0,0.0,0.01,0.0077,medium,medium,0.0,False,3,250.391338,18.632682,0.305939,100.299737,-120.0,27.038566,3.716438,0.28,False,0.0,0.01,10000.0,False,0.0,0.0,256.0,True,1,True,99.789944,0.75,none
joint_greedy_resource,0,3,ep0_image_required_2,0,observe,2,0.25,0.6,0.25,0.775352,3.919533,1.063103,True,False,True,False,False,-2.719349,1.550704,2,0,2,feasible,risk,Is this area crowded or blocked?,critical,2.0,3.2,0.74,0.25,-102.751912,27.258388,23.91362,0.536061,0.9,0.53526,0.448213,0.4,1.1,0.028947,0.321156,0.55,0.163,0.051262,good,good,0.0,False,4,208.9066,22.5163,0.450712,102.751912,-101.705149,23.978382,-1.769368,0.96,False,0.244401,1.6,1600000.0,False,0.152751,0.395635,4096.0,False,1,True,99.679177,0.75,none
joint_greedy_resource,0,3,ep0_infeasible_bad_channel_3,0,reuse_cache,0,0.15,0.2,0.15,0.223514,0.878213,0.01,False,False,True,False,False,-3.721553,0.0,-1,-1,,quality_limited,risk,Is this area crowded or blocked?,critical,2.0,0.8,0.9,0.05,-94.636169,32.821406,19.555539,0.0,0.0,0.0,0.448213,0.4,0.03,0.0,0.0,0.0,0.01,0.0077,bad,bad,0.0,False,4,166.335503,28.747836,0.689814,94.636169,-120.0,32.702135,2.017175,0.28,False,0.0,0.01,10000.0,False,0.0,0.0,256.0,True,1,True,99.722739,0.75,none
joint_greedy_resource,0,3,ep0_critical_preempt_4,1,observe,3,0.25,0.6,0.25,0.720075,3.051132,0.714594,True,False,True,False,False,-2.397472,2.160225,2,0,3,feasible,risk,Is this area crowded or blocked?,critical,3.0,2.8,0.72,0.25,-106.541155,23.469145,17.82512,0.796077,0.65,0.246843,0.448213,0.06,0.85,0.042988,0.148106,0.4,0.1235,0.044292,good,good,0.0,False,4,297.544157,15.596897,0.213341,106.541155,-97.953504,17.815082,-0.043097,0.96,False,0.189124,0.55,550000.0,False,0.343862,0.708008,3072.0,True,1,True,99.67935,0.25,none
joint_greedy_resource,0,3,ep0_relation_person_vehicle_7,0,reuse_cache,0,0.15,0.2,0.15,0.247307,0.878213,0.01,False,True,True,False,False,-2.221553,0.0,-1,0,,quality_limited,relation,Are people close to vehicles in this area?,normal,1.3,4.2,0.6,0.05,-100.306582,27.150993,16.168677,0.0,0.0,0.0,0.448213,0.4,0.03,0.0,0.0,0.0,0.01,0.0077,medium,medium,0.0,False,4,245.69439,19.0024,0.318642,100.306582,-120.0,27.031722,3.414337,0.28,False,0.0,0.01,10000.0,False,0.0,0.0,256.0,True,1,True,99.722739,0.75,none
joint_greedy_resource,0,4,ep0_image_required_2,0,observe,2,0.25,0.6,0.25,0.775352,3.841467,1.048481,True,False,True,False,False,-2.697639,1.550704,2,0,2,feasible,risk,Is this area crowded or blocked?,critical,2.0,3.2,0.74,0.25,-101.360416,28.649884,24.835562,0.486061,0.9,0.51539,0.440017,0.4,1.1,0.026247,0.309234,0.55,0.163,0.05097,good,good,0.0,False,5,192.402244,24.569427,0.53263,101.360416,-100.869232,24.906821,-1.901459,0.96,False,0.244401,1.6,1600000.0,False,0.152751,0.403675,4096.0,False,1,True,99.612807,0.75,none
joint_greedy_resource,0,4,ep0_infeasible_bad_channel_3,0,reuse_cache,0,0.15,0.2,0.15,0.223514,0.870017,0.01,False,False,True,False,False,-3.719504,0.0,-1,-1,,quality_limited,risk,Is this area crowded or blocked?,critical,2.0,0.8,0.9,0.05,-93.569479,33.888096,20.193059,0.0,0.0,0.0,0.440017,0.4,0.03,0.0,0.0,0.0,0.01,0.0077,bad,bad,0.0,False,5,157.541527,30.517574,0.746949,93.569479,-120.0,33.768825,2.050668,0.28,False,0.0,0.01,10000.0,False,0.0,0.0,256.0,True,1,True,99.656077,0.75,none
joint_greedy_resource,0,4,ep0_critical_preempt_4,1,observe,3,0.25,0.6,0.25,0.720075,2.995705,0.713555,True,False,True,False,False,-2.38346,2.160225,2,0,3,feasible,risk,Is this area crowded or blocked?,critical,3.0,2.8,0.72,0.25,-105.693824,24.316476,17.627414,0.746077,0.65,0.249611,0.440017,0.06,0.85,0.040288,0.149767,0.4,0.1235,0.044271,good,good,0.0,False,5,280.24876,16.586387,0.241114,105.693824,-96.569446,17.613339,-0.017888,0.96,False,0.189124,0.55,550000.0,False,0.343862,0.721107,3072.0,True,1,True,99.635079,0.25,none
joint_greedy_resource,0,4,ep0_relation_person_vehicle_7,0,reuse_cache,0,0.15,0.2,0.15,0.247307,0.870017,0.01,False,True,True,False,False,-2.219504,0.0,-1,0,,quality_limited,relation,Are people close to vehicles in this area?,normal,1.3,4.2,0.6,0.05,-100.016494,27.441081,16.341803,0.0,0.0,0.0,0.440017,0.4,0.03,0.0,0.0,0.0,0.01,0.0077,medium,medium,0.0,False,5,242.247073,19.283425,0.328483,100.016494,-120.0,27.32181,3.480851,0.28,False,0.0,0.01,10000.0,False,0.0,0.0,256.0,True,1,True,99.656077,0.75,none
joint_greedy_resource,0,5,ep0_image_required_2,0,observe,2,0.25,0.6,0.25,0.775352,3.763379,1.031633,True,False,True,False,False,-2.67559,1.550704,2,0,2,feasible,risk,Is this area crowded or blocked?,critical,2.0,3.2,0.74,0.25,-99.212227,30.798073,26.026366,0.436061,0.9,0.491809,0.435509,0.4,1.1,0.023547,0.295085,0.55,0.163,0.050633,good,good,0.0,False,6,176.191031,27.003995,0.627203,99.212227,-99.336364,26.105088,-1.445408,0.96,False,0.244401,1.6,1600000.0,False,0.152751,0.412051,4096.0,False,1,True,99.546774,0.75,none
joint_greedy_resource,0,5,ep0_infeasible_bad_channel_3,0,reuse_cache,0,0.15,0.2,0.15,0.223514,0.865509,0.01,False,False,True,False,False,-3.718377,0.0,-1,-1,,quality_limited,risk,Is this area crowded or blocked?,critical,2.0,0.8,0.9,0.05,-92.52612,34.931455,20.8167,0.0,0.0,0.0,0.435509,0.4,0.03,0.0,0.0,0.0,0.01,0.0077,bad,bad,0.0,False,6,150.396695,32.135719,0.792705,92.52612,-120.0,34.812184,2.238774,0.28,False,0.0,0.01,10000.0,False,0.0,0.0,256.0,True,1,True,99.589707,0.75,none
joint_greedy_resource,0,5,ep0_critical_preempt_4,1,observe,3,0.25,0.6,0.25,0.720075,2.944211,0.712663,True,False,True,False,False,-2.370452,2.160225,2,0,3,feasible,risk,Is this area crowded or blocked?,critical,3.0,2.8,0.72,0.25,-104.145012,25.865287,17.417145,0.696077,0.65,0.252625,0.435509,0.06,0.85,0.037588,0.151575,0.4,0.1235,0.044253,good,good,0.0,False,6,263.047922,17.705656,0.275379,104.145012,-94.428956,17.398601,0.617342,0.96,False,0.189124,0.55,550000.0,False,0.343862,0.73372,3072.0,True,1,True,99.590826,0.25,none
joint_greedy_resource,0,5,ep0_relation_person_vehicle_7,0,reuse_cache,0,0.15,0.2,0.15,0.247307,0.865509,0.01,False,True,True,False,False,-2.218377,0.0,-1,0,,quality_limited,relation,Are people close to vehicles in this area?,normal,1.3,4.2,0.6,0.05,-100.099446,27.358129,16.292294,0.0,0.0,0.0,0.435509,0.4,0.03,0.0,0.0,0.0,0.01,0.0077,medium,medium,0.0,False,6,240.103218,19.462513,0.334834,100.099446,-120.0,27.238858,3.255804,0.28,False,0.0,0.01,10000.0,False,0.0,0.0,256.0,True,1,True,99.589707,0.75,none
joint_greedy_resource,1,0,ep1_cache_feasible_0,1,reuse_cache,0,0.125,0.2,0.125,0.667256,0.683693,0.01,True,True,True,False,True,3.827077,0.667256,0,0,0;1;2;3,feasible,presence,Are there car objects in this area?,normal,1.0,3.0,0.58,0.05,-101.172061,27.077326,13.425594,0.0,0.0,0.0,0.253693,0.4,0.03,0.0,0.0,0.0,0.01,0.0077,good,good,0.0,True,1,181.383571,26.171168,0.595556,101.172061,-120.0,26.934589,-2.842911,0.96,True,0.0,0.01,10000.0,False,0.0,0.975959,256.0,True,1,True,99.9923,0.5,none
joint_greedy_resource,1,0,ep1_light_feasible_1,1,observe,1,0.125,0.6,0.125,0.515592,2.380472,0.431831,False,True,True,False,False,-2.668893,0.0,1,0,1;2;3,feasible,counting,How many car objects are in this area?,normal,1.0,3.5,0.55,0.125,-108.073412,24.947188,7.382184,0.801715,0.35,0.195064,0.253693,0.06,0.72,0.043293,0.117039,0.2,0.0715,0.038637,medium,good,0.0,False,1,299.499583,15.492499,0.210552,108.073412,-95.389001,14.66933,-1.487659,0.68,False,0.081467,0.18,180000.0,False,0.452593,0.0,1536.0,True,1,True,99.961363,0.5,none
joint_greedy_resource,1,0,ep1_image_required_2,0,observe,2,0.125,0.6,0.125,0.777995,5.816331,1.575993,True,False,True,False,False,-3.270482,1.55599,2,0,2,feasible,risk,Is this area crowded or blocked?,critical,2.0,3.2,0.74,0.125,-104.557591,28.463009,9.298427,0.686061,0.9,1.376577,0.253693,0.4,2.2,0.037047,0.825946,0.55,0.163,0.06152,good,good,0.0,False,1,259.6151,17.947685,0.283173,104.557591,-95.850459,18.601179,0.009108,0.28,False,0.521045,1.6,1600000.0,False,0.325653,0.267521,4096.0,True,1,True,99.93848,0.5,none
joint_greedy_resource,1,0,ep1_infeasible_bad_channel_3,0,reuse_cache,0,0.125,0.2,0.125,0.223514,0.683693,0.01,False,True,True,False,False,-2.172923,0.0,-1,0,,quality_limited,risk,Is this area crowded or blocked?,critical,2.0,0.8,0.9,0.05,-100.887796,27.361591,13.566963,0.0,0.0,0.0,0.253693,0.4,0.03,0.0,0.0,0.0,0.01,0.0077,bad,bad,0.0,False,1,200.249844,23.546983,0.491779,100.887796,-120.0,27.218854,-0.679219,0.28,False,0.0,0.01,10000.0,False,0.0,0.0,256.0,True,1,True,99.9923,0.5,none
joint_greedy_resource,1,0,ep1_critical_preempt_4,1,observe,3,0.125,0.6,0.125,0.726848,4.29168,0.920424,True,False,True,False,False,-2.738484,2.180544,2,0,3,feasible,risk,Is this area crowded or blocked?,critical,3.0,2.8,0.72,0.125,-107.590066,25.430534,7.633688,0.946077,0.65,0.576392,0.253693,0.4,1.465517,0.051088,0.345835,0.4,0.1235,0.048408,good,good,0.0,False,1,349.857114,13.218475,0.156375,107.590066,-95.430532,15.190295,0.968151,0.28,False,0.469898,0.55,550000.0,False,0.854361,0.508086,3072.0,True,3,True,99.951592,0.5,none
joint_greedy_resource,1,0,ep1_normal_competing_5,0,observe,3,0.125,0.6,0.125,0.582694,3.975755,0.875612,True,False,True,False,False,-2.652781,0.582694,2,0,2;3,feasible,counting,How many car objects are in this area?,normal,1.0,3.5,0.52,0.125,-106.207256,26.813343,8.371954,0.680981,0.65,0.525564,0.253693,0.4,1.465517,0.036773,0.315339,0.4,0.1235,0.047512,medium,medium,0.0,False,1,257.875939,18.072893,0.287257,106.207256,-95.581683,16.709726,-1.741535,0.68,False,0.148569,0.55,550000.0,False,0.270125,0.146562,3072.0,True,3,True,99.952488,0.5,none
joint_greedy_resource,1,0,ep1_attribute_damage_6,1,observe,3,0.125,2.0,0.125,0.666014,3.83124,1.237963,True,True,True,False,True,3.628996,0.799217,2,0,2;3,feasible,attribute,What is the visible condition of the car objects in this area?,normal,1.2,4.0,0.62,0.125,-104.595092,33.654295,13.03033,0.724356,0.65,0.337674,0.253693,0.4,1.465517,0.039115,0.675347,0.4,0.1235,0.054759,medium,medium,0.0,True,1,272.763634,17.05528,0.255107,104.595092,-98.571572,26.139583,0.69625,0.68,False,0.255767,0.55,550000.0,False,0.46503,0.208605,3072.0,True,3,True,99.945241,0.5,none
joint_greedy_resource,1,0,ep1_relation_person_vehicle_7,0,reuse_cache,0,0.125,0.2,0.125,0.247307,0.683693,0.01,False,True,True,False,False,-2.172923,0.0,-1,0,,quality_limited,relation,Are people close to vehicles in this area?,normal,1.3,4.2,0.6,0.05,-105.019774,23.229613,11.514546,0.0,0.0,0.0,0.253693,0.4,0.03,0.0,0.0,0.0,0.01,0.0077,medium,medium,0.0,False,1,263.248932,17.691689,0.274934,105.019774,-120.0,23.086876,-0.24611,0.28,False,0.0,0.01,10000.0,False,0.0,0.0,256.0,True,1,True,99.9923,0.5,none
joint_greedy_resource,1,1,ep1_light_feasible_1,1,reuse_cache,0,0.15,0.2,0.15,0.569817,0.814219,0.01,True,True,True,False,True,3.794445,0.569817,0,0,0;1;2;3,feasible,counting,How many car objects are in this area?,normal,1.0,3.5,0.55,0.05,-107.152306,20.305269,12.094919,0.0,0.0,0.0,0.384219,0.4,0.03,0.0,0.0,0.0,0.01,0.0077,good,good,0.0,True,2,289.753068,16.027409,0.22513,107.152306,-120.0,20.185998,-1.013857,0.96,True,0.0,0.01,10000.0,False,0.0,0.699833,256.0,True,1,True,99.842796,0.333333,none
joint_greedy_resource,1,1,ep1_image_required_2,0,observe,2,0.166667,0.6,0.15,0.775352,4.70747,1.189662,True,False,True,False,False,-2.935317,1.550704,2,0,2,feasible,risk,Is this area crowded or blocked?,critical,2.0,3.2,0.74,0.166667,-102.442896,29.328317,17.363201,0.636061,0.9,0.737191,0.384219,0.4,1.65,0.034347,0.442315,0.55,0.163,0.053793,good,good,0.0,False,2,242.554439,19.258024,0.327587,102.442896,-103.609259,26.123632,1.074627,0.96,False,0.244401,1.6,1600000.0,False,0.152751,0.329413,4096.0,False,1,True,99.821775,0.666667,none
joint_greedy_resource,1,1,ep1_infeasible_bad_channel_3,0,reuse_cache,0,0.15,0.2,0.15,0.223514,0.814219,0.01,False,False,True,False,False,-3.705555,0.0,-1,-1,,quality_limited,risk,Is this area crowded or blocked?,critical,2.0,0.8,0.9,0.05,-100.198564,27.25901,16.23314,0.0,0.0,0.0,0.384219,0.4,0.03,0.0,0.0,0.0,0.01,0.0077,bad,bad,0.0,False,2,187.903787,25.198133,0.557568,100.198564,-120.0,27.139739,-1.190093,0.28,False,0.0,0.01,10000.0,False,0.0,0.0,256.0,True,1,True,99.867868,0.666667,none
joint_greedy_resource,1,1,ep1_critical_preempt_4,1,observe,3,0.166667,0.6,0.15,0.720075,3.609975,0.778696,True,False,True,False,False,-2.546798,2.160225,2,0,3,feasible,risk,Is this area crowded or blocked?,critical,3.0,2.8,0.72,0.166667,-106.720425,25.050788,12.765503,0.896077,0.65,0.344679,0.384219,0.06,1.275,0.048388,0.206807,0.4,0.1235,0.045574,good,good,0.0,False,2,332.359507,13.928048,0.171943,106.720425,-99.394652,19.161636,1.207463,0.96,False,0.189124,0.55,550000.0,False,0.343862,0.598404,3072.0,True,1,True,99.804922,0.333333,none
joint_greedy_resource,1,1,ep1_normal_competing_5,0,reuse_cache,0,0.15,0.2,0.15,0.575649,0.814219,0.01,True,True,True,False,True,3.794445,0.575649,0,0,0;1;2;3,feasible,counting,How many car objects are in this area?,normal,1.0,3.5,0.52,0.05,-107.058892,20.398683,12.150252,0.0,0.0,0.0,0.384219,0.4,0.03,0.0,0.0,0.0,0.01,0.0077,medium,medium,0.0,True,2,261.335366,17.825563,0.279224,107.058892,-120.0,20.279412,-2.393547,0.96,True,0.0,0.01,10000.0,False,0.0,0.706996,256.0,True,1,True,99.867868,0.666667,none
joint_greedy_resource,1,1,ep1_relation_person_vehicle_7,0,reuse_cache,0,0.15,0.2,0.15,0.247307,0.814219,0.01,False,True,True,False,False,-2.205555,0.0,-1,0,,quality_limited,relation,Are people close to vehicles in this area?,normal,1.3,4.2,0.6,0.05,-104.30116,23.156415,13.787865,0.0,0.0,0.0,0.384219,0.4,0.03,0.0,0.0,0.0,0.01,0.0077,medium,medium,0.0,False,2,256.269216,18.190157,0.291114,104.30116,-120.0,23.037144,0.070135,0.28,False,0.0,0.01,10000.0,False,0.0,0.0,256.0,True,1,True,99.867868,0.666667,none
joint_greedy_resource,1,2,ep1_image_required_2,0,observe,2,0.25,0.6,0.25,0.775352,3.931441,1.064033,True,False,True,False,False,-2.722465,1.550704,2,0,2,feasible,risk,Is this area crowded or blocked?,critical,2.0,3.2,0.74,0.25,-101.884571,28.125729,24.046121,0.586061,0.9,0.53231,0.41307,0.4,1.1,0.031647,0.319386,0.55,0.163,0.051281,good,good,0.0,False,3,225.639783,20.765709,0.38275,101.884571,-100.410581,24.111862,0.445821,0.96,False,0.244401,1.6,1600000.0,False,0.152751,0.394437,4096.0,False,1,True,99.747394,0.75,none
joint_greedy_resource,1,2,ep1_infeasible_bad_channel_3,0,reuse_cache,0,0.15,0.2,0.15,0.223514,0.84307,0.01,False,False,True,False,False,-3.712768,0.0,-1,-1,,quality_limited,risk,Is this area crowded or blocked?,critical,2.0,0.8,0.9,0.05,-97.997862,29.459713,17.547052,0.0,0.0,0.0,0.41307,0.4,0.03,0.0,0.0,0.0,0.01,0.0077,bad,bad,0.0,False,3,176.532338,26.947557,0.625089,97.997862,-120.0,29.340442,-0.193528,0.28,False,0.0,0.01,10000.0,False,0.0,0.0,256.0,True,1,True,99.790975,0.75,none
joint_greedy_resource,1,2,ep1_critical_preempt_4,1,observe,3,0.25,0.6,0.25,0.720075,3.057244,0.712046,True,False,True,False,False,-2.398618,2.160225,2,0,3,feasible,risk,Is this area crowded or blocked?,critical,3.0,2.8,0.72,0.25,-105.229793,24.780507,18.47989,0.846077,0.65,0.238097,0.41307,0.06,0.85,0.045688,0.142858,0.4,0.1235,0.044241,good,good,0.0,False,3,314.918535,14.71635,0.190651,105.229793,-97.091074,18.482172,2.014712,0.96,False,0.189124,0.55,550000.0,False,0.343862,0.706592,3072.0,True,1,True,99.752981,0.25,none
joint_greedy_resource,1,2,ep1_relation_person_vehicle_7,0,reuse_cache,0,0.15,0.2,0.15,0.247307,0.84307,0.01,False,True,True,False,False,-2.212768,0.0,-1,0,,quality_limited,relation,Are people close to vehicles in this area?,normal,1.3,4.2,0.6,0.05,-103.767911,23.689664,14.105235,0.0,0.0,0.0,0.41307,0.4,0.03,0.0,0.0,0.0,0.01,0.0077,medium,medium,0.0,False,3,250.391338,18.632682,0.305939,103.767911,-120.0,23.570393,0.248265,0.28,False,0.0,0.01,10000.0,False,0.0,0.0,256.0,True,1,True,99.790975,0.75,none
joint_greedy_resource,1,3,ep1_image_required_2,0,observe,2,0.25,0.6,0.25,0.775352,3.860414,1.044146,True,False,True,False,False,-2.701725,1.550704,2,0,2,feasible,risk,Is this area crowded or blocked?,critical,2.0,3.2,0.74,0.25,-100.303846,29.706454,25.413715,0.536061,0.9,0.503665,0.420689,0.4,1.1,0.028947,0.302199,0.55,0.163,0.050883,good,good,0.0,False,4,208.9066,22.5163,0.450712,100.303846,-100.077611,25.488714,0.678698,0.96,False,0.244401,1.6,1600000.0,False,0.152751,0.401694,4096.0,False,1,True,99.681111,0.75,none
joint_greedy_resource,1,3,ep1_infeasible_bad_channel_3,0,reuse_cache,0,0.15,0.2,0.15,0.223514,0.850689,0.01,False,False,True,False,False,-3.714672,0.0,-1,-1,,quality_limited,risk,Is this area crowded or blocked?,critical,2.0,0.8,0.9,0.05,-97.205897,30.251678,18.020102,0.0,0.0,0.0,0.420689,0.4,0.03,0.0,0.0,0.0,0.01,0.0077,bad,bad,0.0,False,4,166.335503,28.747836,0.689814,97.205897,-120.0,30.132407,-0.552553,0.28,False,0.0,0.01,10000.0,False,0.0,0.0,256.0,True,1,True,99.724294,0.75,none
joint_greedy_resource,1,3,ep1_critical_preempt_4,1,observe,3,0.25,0.6,0.25,0.720075,3.027036,0.71665,True,False,True,False,False,-2.391756,2.160225,2,0,3,feasible,risk,Is this area crowded or blocked?,critical,3.0,2.8,0.72,0.25,-104.893263,25.117037,17.581023,0.796077,0.65,0.25027,0.420689,0.06,0.85,0.042988,0.150162,0.4,0.1235,0.044333,good,good,0.0,False,4,297.544157,15.596897,0.213341,104.893263,-95.517135,17.565977,1.604796,0.96,False,0.189124,0.55,550000.0,False,0.343862,0.713644,3072.0,True,1,True,99.708648,0.25,none
joint_greedy_resource,1,3,ep1_relation_person_vehicle_7,0,reuse_cache,0,0.15,0.2,0.15,0.247307,0.850689,0.01,False,True,True,False,False,-2.214672,0.0,-1,0,,quality_limited,relation,Are people close to vehicles in this area?,normal,1.3,4.2,0.6,0.05,-103.895433,23.562142,14.029322,0.0,0.0,0.0,0.420689,0.4,0.03,0.0,0.0,0.0,0.01,0.0077,medium,medium,0.0,False,4,245.69439,19.0024,0.318642,103.895433,-120.0,23.442871,-0.174515,0.28,False,0.0,0.01,10000.0,False,0.0,0.0,256.0,True,1,True,99.724294,0.75,none
joint_greedy_resource,1,4,ep1_image_required_2,0,observe,2,0.25,0.6,0.25,0.775352,3.797348,1.031092,True,False,True,False,False,-2.684001,1.550704,2,0,2,feasible,risk,Is this area crowded or blocked?,critical,2.0,3.2,0.74,0.25,-98.89033,31.11997,26.315344,0.486061,0.9,0.486408,0.424879,0.4,1.1,0.026247,0.291845,0.55,0.163,0.050622,good,good,0.0,False,5,192.402244,24.569427,0.53263,98.89033,-99.289161,26.395746,0.568627,0.96,False,0.244401,1.6,1600000.0,False,0.152751,0.408365,4096.0,False,1,True,99.615089,0.75,none
joint_greedy_resource,1,4,ep1_infeasible_bad_channel_3,0,reuse_cache,0,0.15,0.2,0.15,0.223514,0.854879,0.01,False,False,True,False,False,-3.71572,0.0,-1,-1,,quality_limited,risk,Is this area crowded or blocked?,critical,2.0,0.8,0.9,0.05,-96.009567,31.448008,18.734838,0.0,0.0,0.0,0.424879,0.4,0.03,0.0,0.0,0.0,0.01,0.0077,bad,bad,0.0,False,5,157.541527,30.517574,0.746949,96.009567,-120.0,31.328737,-0.38942,0.28,False,0.0,0.01,10000.0,False,0.0,0.0,256.0,True,1,True,99.658011,0.75,none
joint_greedy_resource,1,4,ep1_critical_preempt_4,1,observe,3,0.25,0.6,0.25,0.720075,2.986874,0.717339,True,False,True,False,False,-2.38182,2.160225,2,0,3,feasible,risk,Is this area crowded or blocked?,critical,3.0,2.8,0.72,0.25,-104.097403,25.912897,17.192965,0.746077,0.65,0.255919,0.424879,0.06,0.85,0.040288,0.153551,0.4,0.1235,0.044347,good,good,0.0,False,5,280.24876,16.586387,0.241114,104.097403,-94.107919,17.169446,1.578533,0.96,False,0.189124,0.55,550000.0,False,0.343862,0.723239,3072.0,True,1,True,99.664301,0.25,none
joint_greedy_resource,1,4,ep1_relation_person_vehicle_7,0,reuse_cache,0,0.15,0.2,0.15,0.247307,0.854879,0.01,False,True,True,False,False,-2.21572,0.0,-1,0,,quality_limited,relation,Are people close to vehicles in this area?,normal,1.3,4.2,0.6,0.05,-103.086987,24.370588,14.510742,0.0,0.0,0.0,0.424879,0.4,0.03,0.0,0.0,0.0,0.01,0.0077,medium,medium,0.0,False,5,242.247073,19.283425,0.328483,103.086987,-120.0,24.251317,0.410358,0.28,False,0.0,0.01,10000.0,False,0.0,0.0,256.0,True,1,True,99.658011,0.75,none
joint_greedy_resource,1,5,ep1_image_required_2,0,observe,2,0.25,0.6,0.25,0.775352,3.717283,1.008971,True,False,True,False,False,-2.660666,1.550704,2,0,2,feasible,risk,Is this area crowded or blocked?,critical,2.0,3.2,0.74,0.25,-96.863069,33.147231,28.191391,0.436061,0.9,0.454039,0.427183,0.4,1.1,0.023547,0.272424,0.55,0.163,0.050179,good,good,0.0,False,6,176.191031,27.003995,0.627203,96.863069,-99.077818,28.281735,0.90375,0.96,False,0.244401,1.6,1600000.0,False,0.152751,0.417161,4096.0,False,1,True,99.54951,0.75,none
joint_greedy_resource,1,5,ep1_infeasible_bad_channel_3,0,reuse_cache,0,0.15,0.2,0.15,0.223514,0.857183,0.01,False,False,True,False,False,-3.716296,0.0,-1,-1,,quality_limited,risk,Is this area crowded or blocked?,critical,2.0,0.8,0.9,0.05,-95.335344,32.122231,19.137713,0.0,0.0,0.0,0.427183,0.4,0.03,0.0,0.0,0.0,0.01,0.0077,bad,bad,0.0,False,6,150.396695,32.135719,0.792705,95.335344,-120.0,32.00296,-0.57045,0.28,False,0.0,0.01,10000.0,False,0.0,0.0,256.0,True,1,True,99.591989,0.75,none
joint_greedy_resource,1,5,ep1_critical_preempt_4,1,observe,3,0.25,0.6,0.25,0.720075,2.964486,0.729823,True,False,True,False,False,-2.378095,2.160225,2,0,3,feasible,risk,Is this area crowded or blocked?,critical,3.0,2.8,0.72,0.25,-103.884295,26.126005,15.645804,0.696077,0.65,0.281226,0.427183,0.06,0.85,0.037588,0.168735,0.4,0.1235,0.044596,good,good,0.0,False,6,263.047922,17.705656,0.275379,103.884295,-92.084832,15.581014,0.87806,0.96,False,0.189124,0.55,550000.0,False,0.343862,0.728701,3072.0,True,1,True,99.619705,0.25,none
joint_greedy_resource,1,5,ep1_relation_person_vehicle_7,0,reuse_cache,0,0.15,0.2,0.15,0.247307,0.857183,0.01,False,True,True,False,False,-2.216296,0.0,-1,0,,quality_limited,relation,Are people close to vehicles in this area?,normal,1.3,4.2,0.6,0.05,-104.297307,23.160268,13.790157,0.0,0.0,0.0,0.427183,0.4,0.03,0.0,0.0,0.0,0.01,0.0077,medium,medium,0.0,False,6,240.103218,19.462513,0.334834,104.297307,-120.0,23.040997,-0.942056,0.28,False,0.0,0.01,10000.0,False,0.0,0.0,256.0,True,1,True,99.591989,0.75,none
min_sufficient_evidence,0,0,ep0_cache_feasible_0,1,reuse_cache,0,0.125,1.2,0.125,0.667256,0.805738,0.01,True,True,True,False,True,3.796566,0.667256,0,0,0;1;2;3,feasible,presence,Are there car objects in this area?,normal,1.0,3.0,0.58,0.125,-97.814468,38.216432,18.972049,0.0,0.0,0.0,0.375738,0.4,0.03,0.0,0.0,0.0,0.01,0.0077,good,good,0.0,True,1,181.383571,26.171168,0.595556,97.814468,-120.0,38.073695,0.514682,0.96,True,0.0,0.01,10000.0,False,0.0,0.828131,256.0,True,1,True,99.9923,0.5,none
min_sufficient_evidence,0,0,ep0_light_feasible_1,1,observe,1,0.125,1.2,0.125,0.515592,2.504024,0.550678,False,True,True,False,False,-2.717608,0.0,1,0,1;2;3,feasible,counting,How many car objects are in this area?,normal,1.0,3.5,0.55,0.125,-104.629257,31.401643,7.325577,0.801715,0.35,0.196572,0.375738,0.06,0.72,0.043293,0.235886,0.2,0.0715,0.041014,medium,good,0.0,False,1,299.499583,15.492499,0.210552,104.629257,-88.479884,14.551799,1.956496,0.68,False,0.081467,0.18,180000.0,False,0.452593,0.0,1536.0,True,1,True,99.958986,0.5,none
min_sufficient_evidence,0,0,ep0_image_required_2,0,observe,2,0.125,2.0,0.125,0.690984,5.844187,4.166438,False,False,True,False,False,-5.666013,0.0,2,0,2,feasible,risk,Is this area crowded or blocked?,critical,2.0,3.2,0.74,0.125,-106.523875,31.725512,7.493288,0.686061,0.9,1.708195,0.375738,0.4,1.774194,0.037047,3.416391,0.55,0.163,0.113329,medium,good,0.0,False,1,259.6151,17.947685,0.283173,106.523875,-88.504436,14.899711,-1.957176,0.28,False,0.432871,1.6,1600000.0,False,0.270545,0.0,4096.0,True,4,True,99.886671,0.5,none
min_sufficient_evidence,0,0,ep0_infeasible_bad_channel_3,0,observe,3,0.125,2.0,0.125,0.285287,3.858036,1.24762,False,False,True,False,False,-4.679152,0.0,-1,-1,,quality_limited,risk,Is this area crowded or blocked?,critical,2.0,0.8,0.9,0.125,-98.443599,39.805789,12.633089,0.509932,0.65,0.348292,0.375738,0.4,1.574074,0.027536,0.696583,0.4,0.1235,0.054952,bad,bad,0.0,False,1,200.249844,23.546983,0.491779,98.443599,-90.93171,25.340245,1.764978,0.28,False,0.061773,0.55,550000.0,False,0.112315,0.0,3072.0,True,2,True,99.945048,0.5,none
min_sufficient_evidence,0,0,ep0_critical_preempt_4,1,observe,2,0.125,2.0,0.125,0.690984,6.307352,4.586776,False,False,True,False,False,-5.844854,0.0,2,0,,deadline_limited,risk,Is this area crowded or blocked?,critical,3.0,2.8,0.72,0.125,-108.085039,30.164349,6.696859,0.946077,0.9,1.911344,0.375738,0.4,1.774194,0.051088,3.822688,0.55,0.163,0.121736,medium,good,0.0,False,1,349.857114,13.218475,0.156375,108.085039,-88.402193,13.238404,0.473178,0.28,False,0.432871,1.6,1600000.0,False,0.270545,0.0,4096.0,True,4,True,99.878264,0.5,none
min_sufficient_evidence,0,0,ep0_normal_competing_5,0,observe,2,0.125,1.2,0.125,0.619536,5.56457,2.470163,True,False,True,False,False,-3.341667,0.619536,2,0,2;3,feasible,counting,How many car objects are in this area?,normal,1.0,3.5,0.52,0.125,-101.650499,34.380401,8.928208,0.680981,0.9,1.433658,0.375738,0.4,1.774194,0.036773,1.72039,0.55,0.163,0.079403,medium,medium,0.0,False,1,257.875939,18.072893,0.287257,101.650499,-88.803258,17.847003,2.815222,0.68,False,0.185411,1.6,1600000.0,False,0.115882,0.111336,4096.0,True,4,True,99.920597,0.5,none
min_sufficient_evidence,0,0,ep0_attribute_damage_6,1,observe,2,0.125,1.2,0.125,0.697578,6.199866,3.18281,True,False,True,False,False,-3.607388,0.837094,2,0,2;3,feasible,attribute,What is the visible condition of the car objects in this area?,normal,1.2,4.0,0.62,0.125,-106.627345,29.403555,6.319181,0.724356,0.9,2.025579,0.375738,0.4,1.774194,0.039115,2.430695,0.55,0.163,0.093656,medium,medium,0.0,False,1,272.763634,17.05528,0.255107,106.627345,-88.364817,12.44099,-1.336002,0.68,False,0.287331,1.6,1600000.0,False,0.179582,0.135018,4096.0,True,4,True,99.906344,0.5,none
min_sufficient_evidence,0,0,ep0_relation_person_vehicle_7,0,observe,3,0.125,1.2,0.125,0.525667,4.166961,1.125703,False,True,True,False,False,-3.238096,0.0,-1,0,,quality_limited,relation,Are people close to vehicles in this area?,normal,1.3,4.2,0.6,0.125,-100.911697,35.119203,9.352025,0.696663,0.65,0.470486,0.375738,0.4,1.574074,0.03762,0.564584,0.4,0.1235,0.052514,medium,medium,0.0,False,1,263.248932,17.691689,0.274934,100.911697,-88.930531,18.710209,3.861966,0.28,False,0.27836,0.55,550000.0,False,0.506109,0.0,3072.0,True,2,True,99.947486,0.5,none
min_sufficient_evidence,0,1,ep0_light_feasible_1,1,reuse_cache,0,0.142857,1.2,0.142857,0.569817,0.906656,0.01,True,True,True,False,True,3.771336,0.569817,0,0,0;1;2;3,feasible,counting,How many car objects are in this area?,normal,1.0,3.5,0.55,0.142857,-103.355089,32.095891,18.208057,0.0,0.0,0.0,0.476656,0.4,0.03,0.0,0.0,0.0,0.01,0.0077,good,good,0.0,True,2,289.753068,16.027409,0.22513,103.355089,-120.0,31.970742,2.78336,0.96,True,0.0,0.01,10000.0,False,0.0,0.628483,256.0,True,1,True,99.728194,0.428571,none
min_sufficient_evidence,0,1,ep0_image_required_2,0,observe,3,0.142857,2.0,0.142857,0.720075,3.8837,1.577141,False,False,True,False,False,-4.734996,0.0,-1,0,2,feasible,risk,Is this area crowded or blocked?,critical,2.0,3.2,0.74,0.142857,-105.244129,32.425339,8.638953,0.648126,0.65,0.509321,0.476656,0.4,1.199597,0.034999,1.018642,0.4,0.1235,0.061543,good,good,0.0,False,2,246.659142,18.925244,0.315968,105.244129,-87.349744,15.035961,-1.461699,0.96,False,0.189124,0.55,550000.0,False,0.343862,0.0,3072.0,True,4,True,99.638259,0.571429,none
min_sufficient_evidence,0,1,ep0_infeasible_bad_channel_3,0,observe,3,0.142857,2.0,0.142857,0.288786,3.460447,1.096862,False,False,True,False,False,-4.557141,0.0,-1,-1,,quality_limited,risk,Is this area crowded or blocked?,critical,2.0,0.8,0.9,0.142857,-96.319088,41.35038,16.043012,0.459932,0.65,0.274263,0.476656,0.4,1.199597,0.024836,0.548525,0.4,0.1235,0.051937,bad,bad,0.0,False,2,183.88931,25.788114,0.580711,96.319088,-91.687574,28.165042,2.274753,0.96,False,0.0,0.55,550000.0,False,0.0,0.0,3072.0,True,4,True,99.647865,0.571429,none
min_sufficient_evidence,0,1,ep0_critical_preempt_4,1,observe,3,0.142857,2.0,0.142857,0.645658,4.243799,1.814827,False,False,True,False,False,-4.860674,0.0,-1,0,,quality_limited,risk,Is this area crowded or blocked?,critical,3.0,2.8,0.72,0.142857,-107.924479,29.744989,7.079995,0.896077,0.65,0.621469,0.476656,0.4,1.199597,0.048388,1.242939,0.4,0.1235,0.066297,medium,good,0.0,False,2,332.359507,13.928048,0.171943,107.924479,-87.168004,12.177119,0.003409,0.96,False,0.111962,0.55,550000.0,False,0.203566,0.0,3072.0,True,4,True,99.669597,0.428571,none
min_sufficient_evidence,0,1,ep0_normal_competing_5,0,reuse_cache,0,0.142857,1.2,0.142857,0.575649,0.906656,0.01,True,True,True,False,True,3.771336,0.575649,0,0,0;1;2;3,feasible,counting,How many car objects are in this area?,normal,1.0,3.5,0.52,0.142857,-102.907931,32.54305,18.462548,0.0,0.0,0.0,0.476656,0.4,0.03,0.0,0.0,0.0,0.01,0.0077,medium,medium,0.0,True,2,271.057083,17.16598,0.258487,102.907931,-120.0,32.4179,2.293023,0.96,True,0.0,0.01,10000.0,False,0.0,0.634915,256.0,True,1,True,99.692102,0.571429,none
min_sufficient_evidence,0,1,ep0_attribute_damage_6,1,observe,2,0.142857,1.2,0.142857,0.703379,6.171324,2.885697,True,False,True,False,False,-3.555686,0.844055,2,0,2;3,feasible,attribute,What is the visible condition of the car objects in this area?,normal,1.2,4.0,0.62,0.142857,-105.505627,29.945353,7.192933,0.690144,0.9,1.779524,0.476656,0.4,1.925,0.037268,2.135429,0.55,0.163,0.087714,medium,medium,0.0,False,2,261.014066,17.848243,0.279955,105.505627,-87.17786,12.387167,-0.858615,0.96,False,0.152958,1.6,1600000.0,False,0.095599,0.13677,4096.0,True,1,True,99.64818,0.428571,none
min_sufficient_evidence,0,1,ep0_relation_person_vehicle_7,0,observe,3,0.142857,1.2,0.142857,0.499066,3.803574,1.069546,False,True,True,False,False,-3.138825,0.0,-1,0,,quality_limited,relation,Are people close to vehicles in this area?,normal,1.3,4.2,0.6,0.142857,-100.333189,35.117792,10.335527,0.651606,0.65,0.425716,0.476656,0.4,1.199597,0.035187,0.510859,0.4,0.1235,0.051391,medium,medium,0.0,False,2,247.844371,18.831325,0.312729,100.333189,-87.710436,18.082251,3.52419,0.96,False,0.0,0.55,550000.0,False,0.0,0.0,3072.0,True,4,True,99.648411,0.571429,none
min_sufficient_evidence,0,2,ep0_image_required_2,0,observe,2,0.2,2.0,0.2,0.688734,5.000676,3.312922,False,False,True,False,False,-5.327107,0.0,2,0,2,feasible,risk,Is this area crowded or blocked?,critical,2.0,3.2,0.74,0.2,-105.12628,31.081907,9.973205,0.611928,0.9,1.283439,0.532161,0.4,1.273148,0.033044,2.566878,0.55,0.163,0.096258,medium,good,0.0,False,3,234.370357,19.958541,0.352735,105.12628,-84.431805,12.258504,-2.163039,0.96,False,0.155038,1.6,1600000.0,False,0.096898,0.0,4096.0,True,2,True,99.430973,0.6,none
min_sufficient_evidence,0,2,ep0_infeasible_bad_channel_3,0,observe,3,0.2,2.0,0.2,0.288786,3.108665,0.946885,False,False,True,False,False,-4.446699,0.0,-1,-1,,quality_limited,risk,Is this area crowded or blocked?,critical,2.0,0.8,0.9,0.2,-94.719713,41.488475,21.931545,0.409932,0.65,0.200624,0.532161,0.4,0.915948,0.022136,0.401249,0.4,0.1235,0.048938,bad,bad,0.0,False,3,167.864698,28.461902,0.679941,94.719713,-89.387197,27.500839,2.109925,0.96,False,0.0,0.55,550000.0,False,0.0,0.0,3072.0,True,3,True,99.478293,0.6,none
min_sufficient_evidence,0,2,ep0_critical_preempt_4,1,observe,3,0.2,2.0,0.2,0.645658,3.843869,1.568555,False,False,True,False,False,-4.723751,0.0,-1,0,,quality_limited,risk,Is this area crowded or blocked?,critical,3.0,2.8,0.72,0.2,-106.61179,29.596397,8.805578,0.846077,0.65,0.499683,0.532161,0.4,0.915948,0.045688,0.999366,0.4,0.1235,0.061371,medium,good,0.0,False,3,314.918535,14.71635,0.190651,106.61179,-84.346867,10.689159,0.632715,0.96,False,0.111962,0.55,550000.0,False,0.203566,0.0,3072.0,True,3,True,99.512812,0.4,none
min_sufficient_evidence,0,2,ep0_attribute_damage_6,1,observe,2,0.2,1.2,0.2,0.703379,5.326459,2.624363,True,False,True,False,False,-3.305269,0.844055,2,0,2;3,feasible,attribute,What is the visible condition of the car objects in this area?,normal,1.2,4.0,0.62,0.2,-105.205793,28.783907,8.188361,0.657956,0.9,1.563194,0.532161,0.4,1.273148,0.03553,1.875833,0.55,0.163,0.082487,medium,medium,0.0,False,3,250.00937,18.6622,0.306943,105.205793,-84.311818,9.842069,-1.213238,0.96,False,0.152958,1.6,1600000.0,False,0.095599,0.158465,4096.0,True,2,True,99.491696,0.4,none
min_sufficient_evidence,0,2,ep0_relation_person_vehicle_7,0,observe,3,0.2,1.2,0.2,0.499066,3.43889,0.956446,False,True,True,False,False,-3.030689,0.0,-1,0,,quality_limited,relation,Are people close to vehicles in this area?,normal,1.3,4.2,0.6,0.2,-99.13714,34.85256,13.195033,0.607322,0.65,0.333459,0.532161,0.4,0.915948,0.032795,0.400151,0.4,0.1235,0.049129,medium,medium,0.0,False,3,232.812509,20.097831,0.35784,99.13714,-84.861807,16.453237,3.716438,0.96,False,0.0,0.55,550000.0,False,0.0,0.0,3072.0,True,3,True,99.478102,0.6,none
min_sufficient_evidence,0,3,ep0_image_required_2,0,observe,3,0.2,2.0,0.2,0.645658,3.497004,1.454038,False,False,True,False,False,-4.619857,0.0,-1,0,2,feasible,risk,Is this area crowded or blocked?,critical,2.0,3.2,0.74,0.2,-103.888525,32.319662,9.784983,0.577792,0.65,0.449669,0.562688,0.4,0.856855,0.031201,0.899337,0.4,0.1235,0.059081,medium,good,0.0,False,4,222.859141,21.037024,0.393057,103.888525,-82.926807,12.007971,-1.769368,0.96,False,0.111962,0.55,550000.0,False,0.203566,0.0,3072.0,True,4,True,99.273825,0.6,none
min_sufficient_evidence,0,3,ep0_infeasible_bad_channel_3,0,observe,3,0.2,2.0,0.2,0.288786,3.023365,0.930716,False,False,True,False,False,-4.422949,0.0,-1,-1,,quality_limited,risk,Is this area crowded or blocked?,critical,2.0,0.8,0.9,0.2,-92.974128,43.23406,22.693295,0.359932,0.65,0.19389,0.562688,0.4,0.856855,0.019436,0.38778,0.4,0.1235,0.048614,bad,bad,0.0,False,4,152.282092,31.69119,0.780775,92.974128,-88.568708,28.457821,2.017175,0.96,False,0.0,0.55,550000.0,False,0.0,0.0,3072.0,True,4,True,99.284292,0.6,none
min_sufficient_evidence,0,3,ep0_critical_preempt_4,1,observe,3,0.2,2.0,0.2,0.645658,3.83336,1.701968,False,False,True,False,False,-4.741135,0.0,-1,0,,quality_limited,risk,Is this area crowded or blocked?,critical,3.0,2.8,0.72,0.2,-106.541155,29.667032,7.750028,0.796077,0.65,0.56774,0.562688,0.4,0.856855,0.042988,1.13548,0.4,0.1235,0.064039,medium,good,0.0,False,4,297.544157,15.596897,0.213341,106.541155,-82.801376,9.23106,-0.043097,0.96,False,0.111962,0.55,550000.0,False,0.203566,0.0,3072.0,True,4,True,99.366286,0.4,none
min_sufficient_evidence,0,3,ep0_attribute_damage_6,1,observe,2,0.2,1.2,0.2,0.703379,5.499805,2.707733,True,False,True,False,False,-3.361111,0.844055,2,0,2;3,feasible,attribute,What is the visible condition of the car objects in this area?,normal,1.2,4.0,0.62,0.2,-104.209519,29.780182,7.833474,0.628104,0.9,1.634013,0.562688,0.4,1.375,0.033918,1.960816,0.55,0.163,0.084155,medium,medium,0.0,False,4,239.852095,19.483713,0.33559,104.209519,-82.805254,9.348052,-0.871069,0.96,False,0.152958,1.6,1600000.0,False,0.095599,0.15347,4096.0,True,1,True,99.34617,0.4,none
min_sufficient_evidence,0,3,ep0_relation_person_vehicle_7,0,observe,3,0.2,1.2,0.2,0.499066,3.383235,0.973592,False,True,True,False,False,-3.019348,0.0,-1,0,,quality_limited,relation,Are people close to vehicles in this area?,normal,1.3,4.2,0.6,0.2,-98.342242,35.647458,12.582325,0.563995,0.65,0.349697,0.562688,0.4,0.856855,0.030456,0.419636,0.4,0.1235,0.049472,medium,medium,0.0,False,4,218.230374,21.505164,0.411062,98.342242,-83.259916,15.665655,3.414337,0.96,False,0.0,0.55,550000.0,False,0.0,0.0,3072.0,True,4,True,99.283434,0.6,none
min_sufficient_evidence,0,4,ep0_image_required_2,0,observe,3,0.2,2.0,0.2,0.645658,3.516647,1.521403,False,False,True,False,False,-4.634872,0.0,-1,0,2,feasible,risk,Is this area crowded or blocked?,critical,2.0,3.2,0.74,0.2,-103.168648,33.039539,9.087027,0.546107,0.65,0.484207,0.579479,0.4,0.856855,0.02949,0.968414,0.4,0.1235,0.060428,medium,good,0.0,False,5,212.252041,22.142436,0.43595,103.168648,-81.25705,11.071012,-1.901459,0.96,False,0.111962,0.55,550000.0,False,0.203566,0.0,3072.0,True,4,True,99.115311,0.6,none
min_sufficient_evidence,0,4,ep0_infeasible_bad_channel_3,0,observe,3,0.2,2.0,0.2,0.288786,2.984151,0.916006,False,False,True,False,False,-4.410939,0.0,-1,-1,,quality_limited,risk,Is this area crowded or blocked?,critical,2.0,0.8,0.9,0.2,-91.146376,45.061812,23.418571,0.309932,0.65,0.187885,0.579479,0.4,0.856855,0.016736,0.37577,0.4,0.1235,0.04832,bad,bad,0.0,False,5,137.292075,35.640624,0.870129,91.146376,-87.623458,29.368698,2.050668,0.96,False,0.0,0.55,550000.0,False,0.0,0.0,3072.0,True,4,True,99.127419,0.6,none
min_sufficient_evidence,0,4,ep0_critical_preempt_4,1,observe,3,0.2,2.0,0.2,0.645658,3.843644,1.786255,False,False,True,False,False,-4.756349,0.0,-1,0,,quality_limited,risk,Is this area crowded or blocked?,critical,3.0,2.8,0.72,0.2,-105.693824,30.514363,7.198556,0.746077,0.65,0.611234,0.579479,0.4,0.856855,0.040288,1.222467,0.4,0.1235,0.065725,medium,good,0.0,False,5,280.24876,16.586387,0.241114,105.693824,-81.159512,8.448911,-0.017888,0.96,False,0.111962,0.55,550000.0,False,0.203566,0.0,3072.0,True,4,True,99.216406,0.4,none
min_sufficient_evidence,0,4,ep0_attribute_damage_6,1,observe,2,0.2,1.2,0.2,0.703379,5.746913,3.015251,True,False,True,False,False,-3.469016,0.844055,2,0,2;3,feasible,attribute,What is the visible condition of the car objects in this area?,normal,1.2,4.0,0.62,0.2,-104.08379,29.90591,6.767115,0.600934,0.9,1.8915,0.579479,0.4,1.375,0.03245,2.2698,0.55,0.163,0.090305,medium,medium,0.0,False,5,230.654222,20.294128,0.365089,104.08379,-81.143552,7.824597,-1.38444,0.96,False,0.152958,1.6,1600000.0,False,0.095599,0.146871,4096.0,True,1,True,99.191826,0.4,none
min_sufficient_evidence,0,4,ep0_relation_person_vehicle_7,0,observe,3,0.2,1.2,0.2,0.499066,3.366743,0.981937,False,True,True,False,False,-3.016476,0.0,-1,0,,quality_limited,relation,Are people close to vehicles in this area?,normal,1.3,4.2,0.6,0.2,-97.087181,36.902519,12.271763,0.521863,0.65,0.358547,0.579479,0.4,0.856855,0.028181,0.430256,0.4,0.1235,0.049639,medium,medium,0.0,False,5,204.19434,23.065528,0.472548,97.087181,-81.590309,15.26505,3.480851,0.96,False,0.0,0.55,550000.0,False,0.0,0.0,3072.0,True,4,True,99.1261,0.6,none
min_sufficient_evidence,0,5,ep0_image_required_2,0,observe,3,0.2,2.0,0.2,0.645658,3.51411,1.553877,False,False,True,False,False,-4.639109,0.0,-1,0,2,feasible,risk,Is this area crowded or blocked?,critical,2.0,3.2,0.74,0.2,-101.877802,34.330386,8.778562,0.517321,0.65,0.501221,0.588713,0.4,0.856855,0.027935,1.002442,0.4,0.1235,0.061078,medium,good,0.0,False,6,202.691048,23.246602,0.479774,101.877802,-79.538532,10.65237,-1.445408,0.96,False,0.111962,0.55,550000.0,False,0.203566,0.0,3072.0,True,4,True,98.956274,0.6,none
min_sufficient_evidence,0,5,ep0_infeasible_bad_channel_3,0,observe,3,0.2,2.0,0.2,0.288786,2.939452,0.90544,False,False,True,False,False,-4.398179,0.0,-1,-1,,quality_limited,risk,Is this area crowded or blocked?,critical,2.0,0.8,0.9,0.2,-89.323064,46.885124,23.919292,0.259932,0.65,0.183952,0.588713,0.4,0.856855,0.014036,0.367904,0.4,0.1235,0.048109,bad,bad,0.0,False,6,123.111301,40.527918,0.93608,89.323064,-86.400035,29.997425,2.238774,0.96,False,0.0,0.55,550000.0,False,0.0,0.0,3072.0,True,4,True,98.969243,0.6,none
min_sufficient_evidence,0,5,ep0_critical_preempt_4,1,observe,3,0.2,2.0,0.2,0.645658,3.811576,1.80095,False,False,True,False,False,-4.750537,0.0,-1,0,,quality_limited,risk,Is this area crowded or blocked?,critical,3.0,2.8,0.72,0.2,-104.145012,32.063175,7.097562,0.696077,0.65,0.619931,0.588713,0.4,0.856855,0.037588,1.239862,0.4,0.1235,0.066019,medium,good,0.0,False,6,263.047922,17.705656,0.275379,104.145012,-79.45685,8.303824,0.617342,0.96,False,0.111962,0.55,550000.0,False,0.203566,0.0,3072.0,True,4,True,99.060082,0.4,none
min_sufficient_evidence,0,5,ep0_attribute_damage_6,1,observe,2,0.2,1.2,0.2,0.703379,5.75311,3.039232,True,False,True,False,False,-3.474162,0.844055,2,0,2;3,feasible,attribute,What is the visible condition of the car objects in this area?,normal,1.2,4.0,0.62,0.2,-102.500359,31.489341,6.692566,0.576827,0.9,1.91257,0.588713,0.4,1.375,0.031149,2.295084,0.55,0.163,0.090785,medium,medium,0.0,False,6,222.534744,21.06915,0.394284,102.500359,-79.442264,7.715465,-0.406162,0.96,False,0.152958,1.6,1600000.0,False,0.095599,0.146713,4096.0,True,1,True,99.035316,0.4,none
min_sufficient_evidence,0,5,ep0_relation_person_vehicle_7,0,observe,3,0.2,1.2,0.2,0.499066,3.352621,1.000464,False,True,True,False,False,-3.015725,0.0,-1,0,,quality_limited,relation,Are people close to vehicles in this area?,normal,1.3,4.2,0.6,0.2,-96.046916,37.942784,11.707919,0.481239,0.65,0.375814,0.588713,0.4,0.856855,0.025987,0.450977,0.4,0.1235,0.050009,medium,medium,0.0,False,6,190.824947,24.786135,0.54125,96.046916,-79.809878,14.534914,3.255804,0.96,False,0.0,0.55,550000.0,False,0.0,0.0,3072.0,True,4,True,98.967343,0.6,none
min_sufficient_evidence,1,0,ep1_cache_feasible_0,1,reuse_cache,0,0.125,1.2,0.125,0.667256,0.683693,0.01,True,True,True,False,True,3.827077,0.667256,0,0,0;1;2;3,feasible,presence,Are there car objects in this area?,normal,1.0,3.0,0.58,0.125,-101.172061,34.858839,17.299389,0.0,0.0,0.0,0.253693,0.4,0.03,0.0,0.0,0.0,0.01,0.0077,good,good,0.0,True,1,181.383571,26.171168,0.595556,101.172061,-120.0,34.716102,-2.842911,0.96,True,0.0,0.01,10000.0,False,0.0,0.975959,256.0,True,1,True,99.9923,0.5,none
min_sufficient_evidence,1,0,ep1_light_feasible_1,1,observe,1,0.125,1.2,0.125,0.515592,2.406588,0.580209,False,True,True,False,False,-2.697678,0.0,1,0,1;2;3,feasible,counting,How many car objects are in this area?,normal,1.0,3.5,0.55,0.125,-108.073412,27.957487,6.510532,0.801715,0.35,0.22118,0.253693,0.06,0.72,0.043293,0.265416,0.2,0.0715,0.041604,medium,good,0.0,False,1,299.499583,15.492499,0.210552,108.073412,-90.263465,12.845906,-1.487659,0.68,False,0.081467,0.18,180000.0,False,0.452593,0.0,1536.0,True,1,True,99.958396,0.5,none
min_sufficient_evidence,1,0,ep1_image_required_2,0,observe,2,0.125,2.0,0.125,0.777995,5.348544,3.41924,True,False,True,False,False,-3.430022,1.55599,2,0,2,feasible,risk,Is this area crowded or blocked?,critical,2.0,3.2,0.74,0.125,-104.557591,33.691797,9.590915,0.686061,0.9,1.334596,0.253693,0.4,1.774194,0.037047,2.669193,0.55,0.163,0.098385,good,good,0.0,False,1,259.6151,17.947685,0.283173,104.557591,-90.900064,19.195734,0.009108,0.28,False,0.521045,1.6,1600000.0,False,0.325653,0.290918,4096.0,True,4,True,99.901615,0.5,none
min_sufficient_evidence,1,0,ep1_infeasible_bad_channel_3,0,observe,3,0.125,2.0,0.125,0.285287,3.751328,1.278294,False,False,True,False,False,-4.657076,0.0,-1,0,,quality_limited,risk,Is this area crowded or blocked?,critical,2.0,0.8,0.9,0.125,-100.887796,37.361591,12.100253,0.509932,0.65,0.363629,0.253693,0.4,1.574074,0.027536,0.727258,0.4,0.1235,0.055566,bad,bad,0.0,False,1,200.249844,23.546983,0.491779,100.887796,-92.363254,24.267366,-0.679219,0.28,False,0.061773,0.55,550000.0,False,0.112315,0.0,3072.0,True,2,True,99.944434,0.5,none
min_sufficient_evidence,1,0,ep1_critical_preempt_4,1,observe,2,0.125,2.0,0.125,0.777995,5.895007,4.006175,True,False,True,False,False,-3.654678,2.333985,2,0,3,feasible,risk,Is this area crowded or blocked?,critical,3.0,2.8,0.72,0.125,-107.590066,30.659321,7.896148,0.946077,0.9,1.621044,0.253693,0.4,1.774194,0.051088,3.242087,0.55,0.163,0.110124,good,good,0.0,False,1,349.857114,13.218475,0.156375,107.590066,-90.45372,15.732005,0.968151,0.28,False,0.521045,1.6,1600000.0,False,0.325653,0.395926,4096.0,True,4,True,99.889876,0.5,none
min_sufficient_evidence,1,0,ep1_normal_competing_5,0,observe,2,0.125,1.2,0.125,0.619536,5.725235,2.809414,True,False,True,False,False,-3.432721,0.619536,2,0,2;3,feasible,counting,How many car objects are in this area?,normal,1.0,3.5,0.52,0.125,-106.207256,29.823643,7.457609,0.680981,0.9,1.716368,0.253693,0.4,1.774194,0.036773,2.059641,0.55,0.163,0.086188,medium,medium,0.0,False,1,257.875939,18.072893,0.287257,106.207256,-90.380839,14.825771,-1.741535,0.68,False,0.185411,1.6,1600000.0,False,0.115882,0.108211,4096.0,True,4,True,99.913812,0.5,none
min_sufficient_evidence,1,0,ep1_attribute_damage_6,1,observe,2,0.125,1.2,0.125,0.697578,5.592006,2.599831,True,False,True,False,False,-3.367976,0.837094,2,0,2;3,feasible,attribute,What is the visible condition of the car objects in this area?,normal,1.2,4.0,0.62,0.125,-104.595092,31.435808,8.312966,0.724356,0.9,1.539763,0.253693,0.4,1.774194,0.039115,1.847716,0.55,0.163,0.081997,medium,medium,0.0,False,1,272.763634,17.05528,0.255107,104.595092,-90.536708,16.588786,0.69625,0.68,False,0.287331,1.6,1600000.0,False,0.179582,0.149695,4096.0,True,4,True,99.918003,0.5,none
min_sufficient_evidence,1,0,ep1_relation_person_vehicle_7,0,observe,3,0.125,1.2,0.125,0.525667,4.118729,1.214278,False,True,True,False,False,-3.239324,0.0,-1,0,,quality_limited,relation,Are people close to vehicles in this area?,normal,1.3,4.2,0.6,0.125,-105.019774,31.011126,8.083805,0.696663,0.65,0.544298,0.253693,0.4,1.574074,0.03762,0.653158,0.4,0.1235,0.054286,medium,medium,0.0,False,1,263.248932,17.691689,0.274934,105.019774,-90.489293,16.118234,-0.24611,0.28,False,0.27836,0.55,550000.0,False,0.506109,0.0,3072.0,True,2,True,99.945714,0.5,none
min_sufficient_evidence,1,1,ep1_light_feasible_1,1,reuse_cache,0,0.142857,1.2,0.142857,0.569817,0.839531,0.01,True,True,True,False,True,3.788117,0.569817,0,0,0;1;2;3,feasible,counting,How many car objects are in this area?,normal,1.0,3.5,0.55,0.142857,-107.152306,28.298674,16.047836,0.0,0.0,0.0,0.409531,0.4,0.03,0.0,0.0,0.0,0.01,0.0077,good,good,0.0,True,2,289.753068,16.027409,0.22513,107.152306,-120.0,28.173525,-1.013857,0.96,True,0.0,0.01,10000.0,False,0.0,0.678733,256.0,True,1,True,99.750875,0.428571,none
min_sufficient_evidence,1,1,ep1_image_required_2,0,observe,2,0.142857,2.0,0.142857,0.775352,5.13063,2.974979,True,False,True,False,False,-3.308904,1.550704,2,0,2,feasible,risk,Is this area crowded or blocked?,critical,2.0,3.2,0.74,0.142857,-102.707803,34.961665,11.495388,0.648126,0.9,1.11349,0.409531,0.4,1.659483,0.034999,2.22698,0.55,0.163,0.0895,good,good,0.0,False,2,246.659142,18.925244,0.315968,102.707803,-89.987336,20.144187,1.074627,0.96,False,0.244401,1.6,1600000.0,False,0.152751,0.302244,4096.0,True,3,True,99.616075,0.571429,none
min_sufficient_evidence,1,1,ep1_infeasible_bad_channel_3,0,observe,3,0.142857,2.0,0.142857,0.288786,3.611725,1.178229,False,False,True,False,False,-4.607166,0.0,-1,-1,,quality_limited,risk,Is this area crowded or blocked?,critical,2.0,0.8,0.9,0.142857,-99.783934,37.885534,13.970631,0.459932,0.65,0.314946,0.409531,0.4,1.377315,0.024836,0.629893,0.4,0.1235,0.053565,bad,bad,0.0,False,2,183.88931,25.788114,0.580711,99.783934,-91.495572,24.517223,-1.190093,0.96,False,0.0,0.55,550000.0,False,0.0,0.0,3072.0,True,2,True,99.65201,0.571429,none
min_sufficient_evidence,1,1,ep1_critical_preempt_4,1,observe,2,0.142857,2.0,0.142857,0.775352,5.711238,3.653682,True,False,True,False,False,-3.555862,2.326056,2,0,,deadline_limited,risk,Is this area crowded or blocked?,critical,3.0,2.8,0.72,0.142857,-106.720425,30.949043,8.851105,0.896077,0.9,1.446147,0.409531,0.4,1.659483,0.048388,2.892294,0.55,0.163,0.103074,good,good,0.0,False,2,332.359507,13.928048,0.171943,106.720425,-89.25312,15.419685,1.207463,0.96,False,0.244401,1.6,1600000.0,False,0.152751,0.407277,4096.0,True,3,True,99.655501,0.428571,none
min_sufficient_evidence,1,1,ep1_normal_competing_5,0,reuse_cache,0,0.142857,1.2,0.142857,0.575649,0.839531,0.01,True,True,True,False,True,3.788117,0.575649,0,0,0;1;2;3,feasible,counting,How many car objects are in this area?,normal,1.0,3.5,0.52,0.142857,-107.594501,27.856479,15.796421,0.0,0.0,0.0,0.409531,0.4,0.03,0.0,0.0,0.0,0.01,0.0077,medium,medium,0.0,True,2,271.057083,17.16598,0.258487,107.594501,-120.0,27.73133,-2.393547,0.96,True,0.0,0.01,10000.0,False,0.0,0.685679,256.0,True,1,True,99.697875,0.571429,none
min_sufficient_evidence,1,1,ep1_attribute_damage_6,1,observe,2,0.142857,1.2,0.142857,0.703379,5.456973,2.427646,True,False,True,False,False,-3.30839,0.844055,2,0,2;3,feasible,attribute,What is the visible condition of the car objects in this area?,normal,1.2,4.0,0.62,0.142857,-104.002976,31.448004,9.157148,0.690144,0.9,1.397815,0.409531,0.4,1.659483,0.037268,1.677378,0.55,0.163,0.078553,medium,medium,0.0,False,2,261.014066,17.848243,0.279955,104.002976,-89.307596,15.971588,0.644036,0.96,False,0.152958,1.6,1600000.0,False,0.095599,0.154675,4096.0,True,3,True,99.680022,0.428571,none
min_sufficient_evidence,1,1,ep1_relation_person_vehicle_7,0,observe,3,0.142857,1.2,0.142857,0.499066,3.962029,1.12698,False,True,True,False,False,-3.187054,0.0,-1,0,,quality_limited,relation,Are people close to vehicles in this area?,normal,1.3,4.2,0.6,0.142857,-103.787245,31.663736,9.290985,0.651606,0.65,0.473577,0.409531,0.4,1.377315,0.035187,0.568293,0.4,0.1235,0.05254,medium,medium,0.0,False,2,247.844371,18.831325,0.312729,103.787245,-89.333396,16.212386,0.070135,0.96,False,0.0,0.55,550000.0,False,0.0,0.0,3072.0,True,2,True,99.653035,0.571429,none
min_sufficient_evidence,1,2,ep1_image_required_2,0,observe,2,0.2,2.0,0.2,0.775352,4.545047,2.651108,True,False,True,False,False,-3.113928,1.550704,2,0,2,feasible,risk,Is this area crowded or blocked?,critical,2.0,3.2,0.74,0.2,-102.51742,33.690767,13.437869,0.611928,0.9,0.952532,0.495242,0.4,1.185345,0.033044,1.905064,0.55,0.163,0.083022,good,good,0.0,False,3,234.370357,19.958541,0.352735,102.51742,-86.360638,16.764475,0.445821,0.96,False,0.244401,1.6,1600000.0,False,0.152751,0.341185,4096.0,True,3,True,99.419248,0.6,none
min_sufficient_evidence,1,2,ep1_infeasible_bad_channel_3,0,observe,3,0.2,2.0,0.2,0.288786,3.158523,0.984741,False,False,True,False,False,-4.464842,0.0,-1,-1,,quality_limited,risk,Is this area crowded or blocked?,critical,2.0,0.8,0.9,0.2,-97.023166,39.185021,20.040782,0.409932,0.65,0.219552,0.495242,0.4,0.983796,0.022136,0.439105,0.4,0.1235,0.049695,bad,bad,0.0,False,3,167.864698,28.461902,0.679941,97.023166,-89.31043,25.123657,-0.193528,0.96,False,0.0,0.55,550000.0,False,0.0,0.0,3072.0,True,2,True,99.452575,0.6,none
min_sufficient_evidence,1,2,ep1_critical_preempt_4,1,observe,2,0.2,2.0,0.2,0.688734,4.984441,3.074243,False,False,True,False,False,-5.287247,0.0,2,0,,deadline_limited,risk,Is this area crowded or blocked?,critical,3.0,2.8,0.72,0.2,-105.229793,30.978394,11.055667,0.846077,0.9,1.157777,0.495242,0.4,1.185345,0.045688,2.315554,0.55,0.163,0.091485,medium,good,0.0,False,3,314.918535,14.71635,0.190651,105.229793,-85.986248,13.684998,2.014712,0.96,False,0.155038,1.6,1600000.0,False,0.096898,0.0,4096.0,True,3,True,99.477763,0.4,none
min_sufficient_evidence,1,2,ep1_attribute_damage_6,1,observe,2,0.2,1.2,0.2,0.703379,4.83079,2.179226,True,False,True,False,False,-3.114582,0.844055,2,0,2;3,feasible,attribute,What is the visible condition of the car objects in this area?,normal,1.2,4.0,0.62,0.2,-103.395976,30.593724,10.73603,0.657956,0.9,1.192247,0.495242,0.4,1.185345,0.03553,1.430696,0.55,0.163,0.073585,medium,medium,0.0,False,3,250.00937,18.6622,0.306943,103.395976,-85.951335,13.266063,0.59658,0.96,False,0.152958,1.6,1600000.0,False,0.095599,0.174724,4096.0,True,3,True,99.495663,0.4,none
min_sufficient_evidence,1,2,ep1_relation_person_vehicle_7,0,observe,3,0.2,1.2,0.2,0.499066,3.522417,1.019563,False,True,True,False,False,-3.061039,0.0,-1,0,,quality_limited,relation,Are people close to vehicles in this area?,normal,1.3,4.2,0.6,0.2,-102.605313,31.384387,11.397304,0.607322,0.65,0.386056,0.495242,0.4,0.983796,0.032795,0.463267,0.4,0.1235,0.050391,medium,medium,0.0,False,3,232.812509,20.097831,0.35784,102.605313,-86.026962,14.130941,0.248265,0.96,False,0.0,0.55,550000.0,False,0.0,0.0,3072.0,True,2,True,99.451879,0.6,none
min_sufficient_evidence,1,3,ep1_image_required_2,0,observe,2,0.2,2.0,0.2,0.775352,4.648925,2.655404,True,False,True,False,False,-3.140542,1.550704,2,0,2,feasible,risk,Is this area crowded or blocked?,critical,2.0,3.2,0.74,0.2,-101.44046,34.767728,13.394704,0.577792,0.9,0.955602,0.542383,0.4,1.273148,0.031201,1.911203,0.55,0.163,0.083108,good,good,0.0,False,4,222.859141,21.037024,0.393057,101.44046,-85.207791,16.709186,0.678698,0.96,False,0.244401,1.6,1600000.0,False,0.152751,0.333562,4096.0,True,2,True,99.236054,0.6,none
min_sufficient_evidence,1,3,ep1_infeasible_bad_channel_3,0,observe,3,0.2,2.0,0.2,0.288786,3.080512,0.967433,False,False,True,False,False,-4.442743,0.0,-1,-1,,quality_limited,risk,Is this area crowded or blocked?,critical,2.0,0.8,0.9,0.2,-95.543856,40.664332,20.730424,0.359932,0.65,0.212248,0.542383,0.4,0.915948,0.019436,0.424497,0.4,0.1235,0.049349,bad,bad,0.0,False,4,152.282092,31.69119,0.780775,95.543856,-88.675287,25.991081,-0.552553,0.96,False,0.0,0.55,550000.0,False,0.0,0.0,3072.0,True,3,True,99.269813,0.6,none
min_sufficient_evidence,1,3,ep1_critical_preempt_4,1,observe,3,0.2,2.0,0.2,0.645658,3.72725,1.412171,False,False,True,False,False,-4.671138,0.0,-1,0,,quality_limited,risk,Is this area crowded or blocked?,critical,3.0,2.8,0.72,0.2,-104.893263,31.314925,10.405791,0.796077,0.65,0.422841,0.542383,0.4,0.915948,0.042988,0.845683,0.4,0.1235,0.058243,medium,good,0.0,False,4,297.544157,15.596897,0.213341,104.893263,-84.776292,12.831311,1.604796,0.96,False,0.111962,0.55,550000.0,False,0.203566,0.0,3072.0,True,3,True,99.345935,0.4,none
min_sufficient_evidence,1,3,ep1_attribute_damage_6,1,observe,2,0.2,1.2,0.2,0.703379,5.057509,2.323566,True,False,True,False,False,-3.192912,0.844055,2,0,2;3,feasible,attribute,What is the visible condition of the car objects in this area?,normal,1.2,4.0,0.62,0.2,-103.498011,30.491689,9.742182,0.628104,0.9,1.313874,0.542383,0.4,1.273148,0.033918,1.576649,0.55,0.163,0.076471,medium,medium,0.0,False,4,239.852095,19.483713,0.33559,103.498011,-84.718283,11.950883,-0.159562,0.96,False,0.152958,1.6,1600000.0,False,0.095599,0.166891,4096.0,True,2,True,99.327707,0.4,none
min_sufficient_evidence,1,3,ep1_relation_person_vehicle_7,0,observe,3,0.2,1.2,0.2,0.499066,3.471618,1.033105,False,True,True,False,False,-3.05037,0.0,-1,0,,quality_limited,relation,Are people close to vehicles in this area?,normal,1.3,4.2,0.6,0.2,-101.931093,32.058607,11.019527,0.563995,0.65,0.399291,0.542383,0.4,0.915948,0.030456,0.479149,0.4,0.1235,0.050662,medium,medium,0.0,False,4,218.230374,21.505164,0.411062,101.931093,-84.839924,13.637716,-0.174515,0.96,False,0.0,0.55,550000.0,False,0.0,0.0,3072.0,True,3,True,99.2685,0.6,none
min_sufficient_evidence,1,4,ep1_image_required_2,0,observe,2,0.2,2.0,0.2,0.775352,4.703337,2.774032,True,False,True,False,False,-3.171939,1.550704,2,0,2,feasible,risk,Is this area crowded or blocked?,critical,2.0,3.2,0.74,0.2,-100.698562,35.509625,12.601263,0.546107,0.9,1.015771,0.568311,0.4,1.273148,0.02949,2.031542,0.55,0.163,0.085481,good,good,0.0,False,5,212.252041,22.142436,0.43595,100.698562,-83.423823,15.690051,0.568627,0.96,False,0.244401,1.6,1600000.0,False,0.152751,0.329703,4096.0,True,2,True,99.050562,0.6,none
min_sufficient_evidence,1,4,ep1_infeasible_bad_channel_3,0,observe,3,0.2,2.0,0.2,0.288786,3.048987,0.949827,False,False,True,False,False,-4.432221,0.0,-1,-1,,quality_limited,risk,Is this area crowded or blocked?,critical,2.0,0.8,0.9,0.2,-93.586463,42.621724,21.48487,0.309932,0.65,0.204795,0.568311,0.4,0.915948,0.016736,0.409591,0.4,0.1235,0.048997,bad,bad,0.0,False,5,137.292075,35.640624,0.870129,93.586463,-87.634665,26.939515,-0.38942,0.96,False,0.0,0.55,550000.0,False,0.0,0.0,3072.0,True,3,True,99.087046,0.6,none
min_sufficient_evidence,1,4,ep1_critical_preempt_4,1,observe,3,0.2,2.0,0.2,0.645658,3.731836,1.466788,False,False,True,False,False,-4.680477,0.0,-1,0,,quality_limited,risk,Is this area crowded or blocked?,critical,3.0,2.8,0.72,0.2,-104.097403,32.110784,9.745294,0.746077,0.65,0.4515,0.568311,0.4,0.915948,0.040288,0.903,0.4,0.1235,0.059336,medium,good,0.0,False,5,280.24876,16.586387,0.241114,104.097403,-83.084242,11.955036,1.578533,0.96,False,0.111962,0.55,550000.0,False,0.203566,0.0,3072.0,True,3,True,99.210128,0.4,none
min_sufficient_evidence,1,4,ep1_attribute_damage_6,1,observe,2,0.2,1.2,0.2,0.703379,5.129937,2.410503,True,False,True,False,False,-3.22406,0.844055,2,0,2;3,feasible,attribute,What is the visible condition of the car objects in this area?,normal,1.2,4.0,0.62,0.2,-102.538505,31.451195,9.224935,0.600934,0.9,1.387544,0.568311,0.4,1.273148,0.03245,1.665052,0.55,0.163,0.07821,medium,medium,0.0,False,5,230.654222,20.294128,0.365089,102.538505,-83.045645,11.257221,0.160846,0.96,False,0.152958,1.6,1600000.0,False,0.095599,0.164535,4096.0,True,2,True,99.191254,0.4,none
min_sufficient_evidence,1,4,ep1_relation_person_vehicle_7,0,observe,3,0.2,1.2,0.2,0.499066,3.450671,1.02514,False,True,True,False,False,-3.043939,0.0,-1,0,,quality_limited,relation,Are people close to vehicles in this area?,normal,1.3,4.2,0.6,0.2,-100.157674,33.832026,11.151957,0.521863,0.65,0.39455,0.568311,0.4,0.915948,0.028181,0.473459,0.4,0.1235,0.050503,medium,medium,0.0,False,5,204.19434,23.065528,0.472548,100.157674,-83.220166,13.810869,0.410358,0.96,False,0.0,0.55,550000.0,False,0.0,0.0,3072.0,True,3,True,99.08554,0.6,none
min_sufficient_evidence,1,5,ep1_image_required_2,0,observe,2,0.2,2.0,0.2,0.775352,4.690395,2.775645,True,False,True,False,False,-3.168946,1.550704,2,0,2,feasible,risk,Is this area crowded or blocked?,critical,2.0,3.2,0.74,0.2,-99.528644,36.679544,12.581644,0.517321,0.9,1.017355,0.582571,0.4,1.273148,0.027935,2.03471,0.55,0.163,0.085513,good,good,0.0,False,6,202.691048,23.246602,0.479774,99.528644,-82.217639,15.664778,0.90375,0.96,False,0.244401,1.6,1600000.0,False,0.152751,0.330613,4096.0,True,2,True,98.865549,0.6,none
min_sufficient_evidence,1,5,ep1_infeasible_bad_channel_3,0,observe,3,0.2,2.0,0.2,0.288786,3.00712,0.934874,False,False,True,False,False,-4.419511,0.0,-1,-1,,quality_limited,risk,Is this area crowded or blocked?,critical,2.0,0.8,0.9,0.2,-92.132288,44.0759,22.147388,0.259932,0.65,0.198669,0.582571,0.4,0.915948,0.014036,0.397338,0.4,0.1235,0.048697,bad,bad,0.0,False,6,123.111301,40.527918,0.93608,92.132288,-86.996952,27.772036,-0.57045,0.96,False,0.0,0.55,550000.0,False,0.0,0.0,3072.0,True,3,True,98.902365,0.6,none
min_sufficient_evidence,1,5,ep1_critical_preempt_4,1,observe,3,0.2,2.0,0.2,0.645658,3.734756,1.541409,False,False,True,False,False,-4.6924,0.0,-1,0,,quality_limited,risk,Is this area crowded or blocked?,critical,3.0,2.8,0.72,0.2,-103.884295,32.323893,8.976656,0.696077,0.65,0.49016,0.582571,0.4,0.915948,0.037588,0.980321,0.4,0.1235,0.060828,medium,good,0.0,False,6,263.047922,17.705656,0.275379,103.884295,-81.827122,10.921568,0.87806,0.96,False,0.111962,0.55,550000.0,False,0.203566,0.0,3072.0,True,3,True,99.07109,0.4,none
min_sufficient_evidence,1,5,ep1_attribute_damage_6,1,observe,2,0.2,1.2,0.2,0.703379,5.164922,2.463,True,False,True,False,False,-3.24068,0.844055,2,0,2;3,feasible,attribute,What is the visible condition of the car objects in this area?,normal,1.2,4.0,0.62,0.2,-101.718108,32.271592,8.936202,0.576827,0.9,1.432376,0.582571,0.4,1.273148,0.031149,1.718851,0.55,0.163,0.07926,medium,medium,0.0,False,6,222.534744,21.06915,0.394284,101.718108,-81.824533,10.866697,0.376089,0.96,False,0.152958,1.6,1600000.0,False,0.095599,0.163421,4096.0,True,2,True,99.052658,0.4,none
min_sufficient_evidence,1,5,ep1_relation_person_vehicle_7,0,observe,3,0.2,1.2,0.2,0.499066,3.46541,1.07227,False,True,True,False,False,-3.054693,0.0,-1,0,,quality_limited,relation,Are people close to vehicles in this area?,normal,1.3,4.2,0.6,0.2,-100.244776,33.744924,10.099795,0.481239,0.65,0.435652,0.582571,0.4,0.915948,0.025987,0.522783,0.4,0.1235,0.051445,medium,medium,0.0,False,6,190.824947,24.786135,0.54125,100.244776,-81.911686,12.426545,-0.942056,0.96,False,0.0,0.55,550000.0,False,0.0,0.0,3072.0,True,3,True,98.899617,0.6,none
